År;OBJECTID;Område;Antal sträckor;Sträckor med förekomster;GlobalID;Shape__Len;CreationDa;Creator;Observer;EditDate;Editor;Art;Bredd;Förekomst;Täthet;Varierande;Beståndet;OBJECTID_Beskrivning av verifieringssträcka 2021;Missades med bilen
2021;2;Heby;51;30;{61c9bb39-d4b9-42a3-93e2-ef571dd00983};1,11;2021-06-11;slpe0002@stud.slu.se_gis_slu;5;2021-06-11;slpe0002@stud.slu.se_gis_slu;Blomsterlupin;1;Nej;Enstaka;Nej;Innerslänt;2;Ja
2021;3;Heby;51;30;{5df7ff33-bd7c-4a64-9287-0d5a627dd18c};21,63;2021-06-14;slpe0002@stud.slu.se_gis_slu;5;2021-06-14;slpe0002@stud.slu.se_gis_slu;Blomsterlupin;1;Nej;Enstaka;Nej;Både inner och ytterslänt;4;Nej
2021;4;Heby;51;30;{1e71c96a-f5d2-469e-ab18-c33072bfc3a7};28,48;2021-06-14;slpe0002@stud.slu.se_gis_slu;5;2021-06-14;slpe0002@stud.slu.se_gis_slu;Blomsterlupin;4;Ja;Tät 50-90%;Nej;Både inner och ytterslänt;4;Nej
2021;5;Heby;51;30;{24317e37-2a2c-45c6-94a2-ba6720c73494};31,74;2021-06-14;klso0001@stud.slu.se_gis_slu;4;2021-06-14;klso0001@stud.slu.se_gis_slu;Blomsterlupin;3;Nej;Tät 50-90%;Nej;Både inner och ytterslänt;4;Nej
2021;6;Heby;51;30;{8fdaf385-56da-481a-8d96-cd0f9b6d054c};7,66;2021-06-14;slpe0002@stud.slu.se_gis_slu;5;2021-06-14;slpe0002@stud.slu.se_gis_slu;Blomsterlupin;2;Ja;Enstaka;Nej;Ytterslänt;4;Ja
2021;7;Heby;51;30;{b187ef33-ca31-49f0-8e45-4ca9609de968};42,5;2021-06-14;klso0001@stud.slu.se_gis_slu;4;2021-06-14;klso0001@stud.slu.se_gis_slu;Blomsterlupin;2;Ja;Gles <50%;Ja;Både inner och ytterslänt;4;Nej
2021;8;Heby;51;30;{ca90c136-ab5c-4a8a-82a7-1030df005881};10,63;2021-06-14;slpe0002@stud.slu.se_gis_slu;5;2021-06-14;slpe0002@stud.slu.se_gis_slu;Blomsterlupin;1;Nej;Enstaka;Nej;Ytterslänt;4;Nej
2021;9;Heby;51;30;{4427f770-6dc7-412f-85a6-ffa024723ca7};10,3;2021-06-14;slpe0002@stud.slu.se_gis_slu;5;2021-06-14;slpe0002@stud.slu.se_gis_slu;Blomsterlupin;2;Nej;Gles <50%;Nej;Innerslänt;6;Ja
2021;10;Heby;51;30;{20741405-9b66-4baf-9fc6-18ea9b8ed7dc};102,54;2021-06-14;klso0001@stud.slu.se_gis_slu;4;2021-06-14;klso0001@stud.slu.se_gis_slu;Blomsterlupin;4;Ja;Tät 50-90%;Ja;Både inner och ytterslänt;6;Nej
2021;15;Heby;51;30;{a39e481f-5212-4385-9e1a-43df68797620};13,78;2021-06-14;klso0001@stud.slu.se_gis_slu;4;2021-06-14;klso0001@stud.slu.se_gis_slu;Blomsterlupin;2;Ja;Tät 50-90%;Nej;Ytterslänt;9;Nej
2021;16;Heby;51;30;{4fa50f9a-6fd6-46fe-aea9-7b4039c031b1};19,08;2021-06-14;slpe0002@stud.slu.se_gis_slu;5;2021-06-14;slpe0002@stud.slu.se_gis_slu;Blomsterlupin;2;Nej;Gles <50%;Nej;Både inner och ytterslänt;11;Nej
2021;17;Heby;51;30;{8dac3b79-b740-4643-9588-b9959a7edd50};48,24;2021-06-14;slpe0002@stud.slu.se_gis_slu;5;2021-06-14;slpe0002@stud.slu.se_gis_slu;Blomsterlupin;1;Ja;Tät 50-90%;Ja;Ytterslänt;11;Nej
2021;18;Heby;51;30;{56c8e7ba-4a35-4c76-ba34-2d576806f831};308,61;2021-06-14;klso0001@stud.slu.se_gis_slu;4;2021-06-14;klso0001@stud.slu.se_gis_slu;Blomsterlupin;3;Ja;Tät 50-90%;Ja;Både inner och ytterslänt;11;Nej
2021;19;Uppsala;30;11;{48e9abc9-a9af-435a-91a0-f018dd961a7a};4,6;2021-06-14;klso0001@stud.slu.se_gis_slu;4;2021-06-14;klso0001@stud.slu.se_gis_slu;Blomsterlupin;1;Ja;Enstaka;Nej;Ytterslänt;13;Ja
2021;22;Uppsala;30;11;{d3799142-f111-442d-b97b-4acb08ab165b};56,05;2021-06-14;erica.johnson@slu.se_gis_slu;2;2021-06-14;erica.johnson@slu.se_gis_slu;Blomsterlupin;5;Ja;Dominerande >90%;Ja;Både inner och ytterslänt;24;Nej
2021;23;Uppsala;30;11;{1b106064-0a59-49c9-a708-f100ffb0198a};4,36;2021-06-14;erica.johnson@slu.se_gis_slu;2;2021-06-14;erica.johnson@slu.se_gis_slu;Blomsterlupin;1;Ja;Enstaka;Nej;Ytterslänt;24;Ja
2021;24;Uppsala;30;11;{be102e5c-bf4e-4ad4-9706-03aa56917a2e};15,07;2021-06-14;erica.johnson@slu.se_gis_slu;2;2021-06-14;erica.johnson@slu.se_gis_slu;Blomsterlupin;4;Nej;Tät 50-90%;Ja;Både inner och ytterslänt;24;Nej
2021;25;Uppsala;30;11;{ea5889c1-e325-4177-87c5-b71c4c053c99};8,97;2021-06-14;erica.johnson@slu.se_gis_slu;2;2021-06-14;erica.johnson@slu.se_gis_slu;Blomsterlupin;5;Ja;Tät 50-90%;Nej;Både inner och ytterslänt;24;Nej
2021;26;Heby;51;30;{bb64ebb5-ba34-49e0-b661-71bc72ee8e14};7,53;2021-06-15;klso0001@stud.slu.se_gis_slu;4;2021-06-15;klso0001@stud.slu.se_gis_slu;Blomsterlupin;1;Nej;Enstaka;Nej;Innerslänt;24;Nej
2021;27;Heby;51;30;{fae14aff-540e-4f57-a549-2fc047a0e6eb};63,76;2021-06-15;klso0001@stud.slu.se_gis_slu;4;2021-06-15;klso0001@stud.slu.se_gis_slu;Blomsterlupin;3;Ja;Tät 50-90%;Ja;Både inner och ytterslänt;27;Nej
2021;28;Uppsala;30;11;{7843aeb6-cc10-45f7-9e00-0c4aeaf3bf76};17,85;2021-06-15;klso0001@stud.slu.se_gis_slu;4;2021-06-15;klso0001@stud.slu.se_gis_slu;Blomsterlupin;1;Ja;Enstaka;Nej;Ytterslänt;13;Nej
2021;29;Uppsala;30;11;{0d99ab07-2cff-403a-90b0-8ea1fe5e7839};4,66;2021-06-15;sonja.reimer@slu.se_gis_slu;6;2021-06-15;sonja.reimer@slu.se_gis_slu;Blomsterlupin;2;Ja;Tät 50-90%;Nej;Ytterslänt;13;Nej
2021;30;Uppsala;30;11;{c859da77-36b1-4359-9ecb-5113a7237355};1,6;2021-06-15;sonja.reimer@slu.se_gis_slu;6;2021-06-15;sonja.reimer@slu.se_gis_slu;Blomsterlupin;1;Nej;Enstaka;Nej;Ytterslänt;13;Nej
2021;31;Heby;51;30;{c0cbbdff-1fc2-4783-90b1-47e5b5268cff};7,82;2021-06-15;klso0001@stud.slu.se_gis_slu;4;2021-06-15;klso0001@stud.slu.se_gis_slu;Blomsterlupin;1;Nej;Enstaka;Nej;Innerslänt;31;Ja
2021;32;Heby;51;30;{a947d74a-fd3e-4532-a454-d7e5377f08c7};154,37;2021-06-15;slpe0002@stud.slu.se_gis_slu;5;2021-06-15;slpe0002@stud.slu.se_gis_slu;Blomsterlupin;3;Ja;Tät 50-90%;Ja;Både inner och ytterslänt;31;Nej
2021;33;Uppsala;30;11;{179e5ba3-72a7-43e7-a1a3-4afdcc7e174c};3,43;2021-06-15;klso0001@stud.slu.se_gis_slu;4;2021-06-15;klso0001@stud.slu.se_gis_slu;Blomsterlupin;1;Ja;Enstaka;Nej;Ytterslänt;22;Nej
2021;34;Heby;51;30;{adbaa355-9904-4354-baee-1a3287c44aa2};21,27;2021-06-15;klso0001@stud.slu.se_gis_slu;4;2021-06-15;klso0001@stud.slu.se_gis_slu;Blomsterlupin;3;Ja;Tät 50-90%;Nej;Både inner och ytterslänt;34;Nej
2021;35;Uppsala;30;11;{de69d31a-704c-4bb1-b377-0b9743c6bf6a};43,48;2021-06-15;sonja.reimer@slu.se_gis_slu;6;2021-06-15;sonja.reimer@slu.se_gis_slu;Blomsterlupin;6;Nej;Gles <50%;Ja;Både inner och ytterslänt;10;Nej
2021;36;Uppsala;30;11;{c36aae92-d073-4d91-97d7-877d7d738abe};82,75;2021-06-15;klso0001@stud.slu.se_gis_slu;4;2021-06-15;klso0001@stud.slu.se_gis_slu;Blomsterlupin;1;Nej;Tät 50-90%;Nej;Innerslänt;10;Nej
2021;37;Uppsala;30;11;{759d3748-5154-40b8-824f-fc6a96289a3e};18,68;2021-06-15;klso0001@stud.slu.se_gis_slu;4;2021-06-15;klso0001@stud.slu.se_gis_slu;Blomsterlupin;2;Ja;Gles <50%;Nej;Både inner och ytterslänt;17;Nej
2021;38;Heby;51;30;{f0766d7d-b72f-4f06-b2b5-f6bb604d2c45};13,82;2021-06-15;slpe0002@stud.slu.se_gis_slu;5;2021-06-15;slpe0002@stud.slu.se_gis_slu;Blomsterlupin;2;Ja;Tät 50-90%;Nej;Både inner och ytterslänt;37;Ja
2021;39;Heby;51;30;{fdeaf6eb-cbb3-448b-a6ee-f542a6a18e9c};9,36;2021-06-15;klso0001@stud.slu.se_gis_slu;4;2021-06-15;klso0001@stud.slu.se_gis_slu;Blomsterlupin;1;Nej;Enstaka;Nej;Innerslänt;37;Ja
2021;40;Heby;51;30;{482e5291-d04b-40fe-9f6d-ea901b96d59a};15,03;2021-06-15;slpe0002@stud.slu.se_gis_slu;5;2021-06-15;slpe0002@stud.slu.se_gis_slu;Blomsterlupin;2;Nej;Enstaka;Nej;Både inner och ytterslänt;39;Nej
2021;41;Uppsala;30;11;{f6fa11d7-2b88-4a3b-898c-58426a3fb856};39,79;2021-06-16;slpe0002@stud.slu.se_gis_slu;5;2021-06-16;slpe0002@stud.slu.se_gis_slu;Blomsterlupin;2;Ja;Gles <50%;Ja;Både inner och ytterslänt;41;Nej
2021;42;Uppsala;30;11;{78128d04-3276-48f5-8608-6bcd49d02a28};3,27;2021-06-16;slpe0002@stud.slu.se_gis_slu;5;2021-06-16;slpe0002@stud.slu.se_gis_slu;Blomsterlupin;1;Nej;Enstaka;Nej;Innerslänt;41;Ja
2021;43;Uppsala;30;11;{c7ccbc7a-af42-4089-9239-aaef8ee93c58};3,86;2021-06-16;slpe0002@stud.slu.se_gis_slu;5;2021-06-16;slpe0002@stud.slu.se_gis_slu;Blomsterlupin;1;Nej;Enstaka;Nej;Innerslänt;41;Ja
2021;44;Uppsala;30;11;{ac6fcb64-cdab-4bd7-8a89-59c0e66217ab};1,95;2021-06-16;erica.johnson@slu.se_gis_slu;2;2021-06-16;erica.johnson@slu.se_gis_slu;Blomsterlupin;1;Nej;Enstaka;Nej;Innerslänt;42;Nej
2021;45;Uppsala;30;11;{97b1ac32-945c-4b63-88fc-b1ccad4f27a2};34,52;2021-06-16;klso0001@stud.slu.se_gis_slu;4;2021-06-16;klso0001@stud.slu.se_gis_slu;Blomsterlupin;2;Ja;Tät 50-90%;Nej;Både inner och ytterslänt;43;Nej
2021;46;Uppsala;30;11;{3e9d1c87-3462-492e-b268-7272de946b47};14,91;2021-06-16;klso0001@stud.slu.se_gis_slu;4;2021-06-16;klso0001@stud.slu.se_gis_slu;Blomsterlupin;5;Ja;Dominerande >90%;Nej;Ytterslänt;43;Nej
2021;47;Uppsala;30;11;{889fd546-271f-4221-852d-7622be4e5fe8};19,08;2021-06-16;klso0001@stud.slu.se_gis_slu;4;2021-06-16;klso0001@stud.slu.se_gis_slu;Blomsterlupin;1;Nej;Gles <50%;Nej;Innerslänt;43;Nej
2021;48;Uppsala;30;11;{64e4bd3d-ebfe-4ca9-83fc-c5d0fdfc04e3};78,09;2021-06-16;klso0001@stud.slu.se_gis_slu;4;2021-06-16;klso0001@stud.slu.se_gis_slu;Blomsterlupin;3;Ja;Gles <50%;Ja;Både inner och ytterslänt;43;Nej
2021;49;Uppsala;30;11;{4b01085c-143c-4b72-9f17-acb0653b66b2};2,67;2021-06-16;erica.johnson@slu.se_gis_slu;2;2021-06-16;erica.johnson@slu.se_gis_slu;Blomsterlupin;1;Nej;Enstaka;Nej;Ytterslänt;45;Ja
2021;50;Uppsala;30;11;{730e3233-3e8f-483b-b115-2e3c726c6749};5,27;2021-06-16;erica.johnson@slu.se_gis_slu;2;2021-06-16;erica.johnson@slu.se_gis_slu;Blomsterlupin;1;Nej;Enstaka;Nej;Ytterslänt;45;Nej
2021;51;Uppsala;30;11;{c5595f38-036b-4d85-8e8e-67382b5aa540};41,64;2021-06-16;slpe0002@stud.slu.se_gis_slu;5;2021-06-16;slpe0002@stud.slu.se_gis_slu;Blomsterlupin;2;Ja;Gles <50%;Ja;Ytterslänt;45;Nej
2021;52;Uppsala;30;11;{ef47dd7c-a02c-46d8-a4ca-6deb6aae66e1};142,09;2021-06-16;erica.johnson@slu.se_gis_slu;2;2021-06-16;erica.johnson@slu.se_gis_slu;Blomsterlupin;7;Nej;Dominerande >90%;Ja;Både inner och ytterslänt;45;Nej
2021;53;Uppsala;30;11;{d4e777bc-9d9d-4fa3-94ad-26b0782fb789};14,98;2021-06-16;erica.johnson@slu.se_gis_slu;2;2021-06-16;erica.johnson@slu.se_gis_slu;Blomsterlupin;2;Ja;Enstaka;Nej;Ytterslänt;46;Nej
2022;4;Heby;51;30;{b9c82788-35ac-48a3-9eec-2ca7cdcedd60};16,4;2022-06-13;izabel.eriksson.reuterborg@slu.se_gis_slu;3;2022-06-13;izabel.eriksson.reuterborg@slu.se_gis_slu;Blomsterlupin;1;Ja;Gles <50%;Ja;Ytterslänt;2;Nej
2022;5;Heby;51;30;{38c113ea-7bbf-4afd-9ec0-f8eae75bb5cc};1,04;2022-06-13;eleonore.larsson@slu.se_gis_slu;1;2022-06-13;eleonore.larsson@slu.se_gis_slu;Blomsterlupin;1;Nej;Enstaka;Nej;Innerslänt;21;Ja
2022;6;Heby;51;30;{41af158d-1076-4545-87f3-f1089534b723};0,81;2022-06-13;eleonore.larsson@slu.se_gis_slu;1;2022-06-13;eleonore.larsson@slu.se_gis_slu;Blomsterlupin;1;Nej;Enstaka;Nej;Innerslänt;21;Ja
2022;7;Heby;51;30;{aa4eaf11-6002-45bd-8af1-3e40eb8da829};1,22;2022-06-13;eleonore.larsson@slu.se_gis_slu;1;2022-06-13;eleonore.larsson@slu.se_gis_slu;Blomsterlupin;1;Nej;Enstaka;Nej;Både inner och ytterslänt;20;Nej
2022;8;Heby;51;30;{c9b81db7-23a0-42cc-be1e-576e7fbbcf91};23,8;2022-06-13;eleonore.larsson@slu.se_gis_slu;1;2022-06-13;eleonore.larsson@slu.se_gis_slu;Blomsterlupin;2;Nej;Gles <50%;Ja;Både inner och ytterslänt;20;Nej
2022;9;Heby;51;30;{474fa393-99e3-4399-97a3-d0fff6800826};24,74;2022-06-13;eleonore.larsson@slu.se_gis_slu;1;2022-06-13;eleonore.larsson@slu.se_gis_slu;Blomsterlupin;2;Nej;Gles <50%;Ja;Både inner och ytterslänt;20;Nej
2022;10;Heby;51;30;{bfe3657c-dd5a-4435-9255-a88ac34ba46c};2,74;2022-06-13;eleonore.larsson@slu.se_gis_slu;1;2022-06-13;eleonore.larsson@slu.se_gis_slu;Blomsterlupin;1;Nej;Enstaka;Nej;Innerslänt;20;Nej
2022;11;Heby;51;30;{c8a67556-9caf-49fc-a41f-2cf51adbc39b};4,5;2022-06-13;eleonore.larsson@slu.se_gis_slu;1;2022-06-13;eleonore.larsson@slu.se_gis_slu;Blomsterlupin;1;Nej;Enstaka;Nej;Innerslänt;20;Nej
2022;12;Heby;51;30;{40fd3f59-88b2-40fd-bf31-8e1e9f4a4603};39,53;2022-06-13;eleonore.larsson@slu.se_gis_slu;1;2022-06-13;eleonore.larsson@slu.se_gis_slu;Blomsterlupin;3;Ja;Tät 50-90%;Ja;Både inner och ytterslänt;20;Nej
2022;13;Heby;51;30;{159328c7-71a5-43d6-8daf-8a7c98ba6a6f};7,99;2022-06-13;eleonore.larsson@slu.se_gis_slu;1;2022-06-13;eleonore.larsson@slu.se_gis_slu;Blomsterlupin;1;Nej;Enstaka;Nej;Ytterslänt;20;Ja
2022;14;Heby;51;30;{3cf46533-097f-4acf-bfb3-ce34e3bf85a7};23,03;2022-06-13;eleonore.larsson@slu.se_gis_slu;1;2022-06-13;eleonore.larsson@slu.se_gis_slu;Blomsterlupin;2;Ja;Tät 50-90%;Ja;Både inner och ytterslänt;20;Nej
2022;15;Heby;51;30;{f43adb74-a8ad-4d1e-9333-da64a05f7f03};7,56;2022-06-13;eleonore.larsson@slu.se_gis_slu;1;2022-06-13;eleonore.larsson@slu.se_gis_slu;Blomsterlupin;1;Nej;Enstaka;Nej;Innerslänt;20;Nej
2022;16;Heby;51;30;{0c9d4f2c-2708-4934-894b-2513b6d84c44};8,14;2022-06-13;eleonore.larsson@slu.se_gis_slu;1;2022-06-13;eleonore.larsson@slu.se_gis_slu;Blomsterlupin;1;Nej;Enstaka;Nej;Innerslänt;20;Nej
2022;17;Heby;51;30;{91468d4f-6e4e-4ec7-9504-8f301aaeffcf};4,89;2022-06-13;eleonore.larsson@slu.se_gis_slu;1;2022-06-13;eleonore.larsson@slu.se_gis_slu;Blomsterlupin;2;Nej;Enstaka;Nej;Innerslänt;18;Ja
2022;18;Heby;51;30;{0d1533e8-2094-478c-875c-5e9c36377f0f};5,35;2022-06-13;eleonore.larsson@slu.se_gis_slu;1;2022-06-13;eleonore.larsson@slu.se_gis_slu;Blomsterlupin;1;Nej;Enstaka;Nej;Innerslänt;18;Ja
2022;19;Heby;51;30;{553ecc3b-14fc-456a-8207-0ab54753773a};3,82;2022-06-13;eleonore.larsson@slu.se_gis_slu;1;2022-06-13;eleonore.larsson@slu.se_gis_slu;Blomsterlupin;1;Nej;Enstaka;Nej;Innerslänt;18;Ja
2022;20;Heby;51;30;{2eb6edbe-bf0e-4c20-ba00-bc5c403b4444};18,49;2022-06-13;eleonore.larsson@slu.se_gis_slu;1;2022-06-13;eleonore.larsson@slu.se_gis_slu;Blomsterlupin;1;Nej;Enstaka;Nej;Innerslänt;15;Ja
2022;21;Heby;51;30;{1a0f43b7-e930-48bd-b8eb-bea7107d2ba8};60,52;2022-06-14;izabel.eriksson.reuterborg@slu.se_gis_slu;3;2022-06-14;izabel.eriksson.reuterborg@slu.se_gis_slu;Blomsterlupin;2;Nej;Gles <50%;Ja;Både inner och ytterslänt;7;
2022;22;Heby;51;30;{d6f4e59c-f817-4926-a9a1-d3e917d304f7};17,83;2022-06-14;izabel.eriksson.reuterborg@slu.se_gis_slu;3;2022-06-14;izabel.eriksson.reuterborg@slu.se_gis_slu;Blomsterlupin;1;Ja;Gles <50%;Ja;Både inner och ytterslänt;7;
2022;23;Heby;51;30;{7ec97b99-5e6f-44fe-a3fe-8ecbb5f96a62};11,67;2022-06-14;izabel.eriksson.reuterborg@slu.se_gis_slu;3;2022-06-14;izabel.eriksson.reuterborg@slu.se_gis_slu;Blomsterlupin;1;Nej;Enstaka;Nej;Innerslänt;7;
2022;24;Heby;51;30;{d1c5fc66-02f5-4993-babf-bac03469f86a};1,23;2022-06-14;izabel.eriksson.reuterborg@slu.se_gis_slu;3;2022-06-14;izabel.eriksson.reuterborg@slu.se_gis_slu;Blomsterlupin;1;Nej;Enstaka;Nej;Innerslänt;7;
2022;25;Heby;51;30;{88edb79a-0d22-4aab-b112-5242a150a21e};9,58;2022-06-14;izabel.eriksson.reuterborg@slu.se_gis_slu;3;2022-06-14;izabel.eriksson.reuterborg@slu.se_gis_slu;Blomsterlupin;2;Nej;Enstaka;Nej;Både inner och ytterslänt;7;
2022;26;Heby;51;30;{502e32af-e5ff-47df-9d28-dfc297a20b73};15,06;2022-06-14;izabel.eriksson.reuterborg@slu.se_gis_slu;3;2022-06-14;izabel.eriksson.reuterborg@slu.se_gis_slu;Blomsterlupin;2;Nej;Gles <50%;Ja;Både inner och ytterslänt;7;
2022;27;Uppsala;30;11;{82dfaa89-3fa2-41c4-9cb3-4ddcd75223f6};4,56;2022-06-15;eleonore.larsson@slu.se_gis_slu;1;2022-06-15;eleonore.larsson@slu.se_gis_slu;Blomsterlupin;1;Nej;Enstaka;Nej;Innerslänt;13;Ja
2022;28;Uppsala;30;11;{2cd74738-259f-4b0b-8f19-bb10fd27bd8d};18,76;2022-06-15;eleonore.larsson@slu.se_gis_slu;1;2022-06-15;eleonore.larsson@slu.se_gis_slu;Blomsterlupin;3;Ja;Gles <50%;Nej;Både inner och ytterslänt;13;Nej
2022;29;Uppsala;30;11;{057174c5-304f-4a9f-8e89-59c5bdc96276};30,23;2022-06-15;eleonore.larsson@slu.se_gis_slu;1;2022-06-15;eleonore.larsson@slu.se_gis_slu;Blomsterlupin;2;Ja;Gles <50%;Ja;Både inner och ytterslänt;11;Nej
2022;153;Heby;51;30;{e56aca32-bf04-4021-af81-98b62a73445e};11,14;2022-06-16;eleonore.larsson@slu.se_gis_slu;1;2022-06-16;eleonore.larsson@slu.se_gis_slu;Blomsterlupin;1;Nej;Enstaka;Nej;Ytterslänt;29;Nej
2022;154;Heby;51;30;{bf6a9f82-e558-4c7c-be2a-8018ed6cb242};11,14;2022-06-16;eleonore.larsson@slu.se_gis_slu;1;2022-06-16;eleonore.larsson@slu.se_gis_slu;Blomsterlupin;1;Nej;Enstaka;Nej;Ytterslänt;29;
2022;155;Heby;51;30;{ee094c0f-4f3a-4269-b682-4729b2f3a886};17,5;2022-06-16;izabel.eriksson.reuterborg@slu.se_gis_slu;3;2022-06-16;izabel.eriksson.reuterborg@slu.se_gis_slu;Blomsterlupin;3;Ja;Gles <50%;Nej;Både inner och ytterslänt;25;Nej
2022;156;Heby;51;30;{7661d003-92a4-4f43-851c-2e21c0cb4001};10,94;2022-06-16;eleonore.larsson@slu.se_gis_slu;1;2022-06-16;eleonore.larsson@slu.se_gis_slu;Blomsterlupin;2;Nej;Gles <50%;Nej;Både inner och ytterslänt;27;Nej
2022;157;Heby;51;30;{b17d89d0-eac6-4b50-8894-1d211eb7e3be};26,29;2022-06-16;izabel.eriksson.reuterborg@slu.se_gis_slu;3;2022-06-16;izabel.eriksson.reuterborg@slu.se_gis_slu;Blomsterlupin;3;Ja;Gles <50%;Nej;Både inner och ytterslänt;26;Nej
2022;158;Heby;51;30;{6a62433e-a895-47d6-8670-16aedde66049};15,27;2022-06-16;izabel.eriksson.reuterborg@slu.se_gis_slu;3;2022-06-16;izabel.eriksson.reuterborg@slu.se_gis_slu;Blomsterlupin;1;Nej;Enstaka;Nej;Innerslänt;30;
2022;159;Heby;51;30;{7c400650-eccd-4d54-a1dc-67127bbddbd8};41,04;2022-06-16;izabel.eriksson.reuterborg@slu.se_gis_slu;3;2022-06-16;izabel.eriksson.reuterborg@slu.se_gis_slu;Blomsterlupin;3;Ja;Gles <50%;Ja;Både inner och ytterslänt;30;Nej
2022;160;Heby;51;30;{1d0d8b87-372c-47df-a1cf-92b9fce2ef61};37,62;2022-06-16;izabel.eriksson.reuterborg@slu.se_gis_slu;3;2022-06-16;izabel.eriksson.reuterborg@slu.se_gis_slu;Blomsterlupin;2;Ja;Tät 50-90%;Ja;Både inner och ytterslänt;31;Nej
2022;161;Heby;51;30;{21755845-6f3f-4da8-88ab-c4640b6c1f3b};10,45;2022-06-16;eleonore.larsson@slu.se_gis_slu;1;2022-06-16;eleonore.larsson@slu.se_gis_slu;Blomsterlupin;1;Nej;Enstaka;Nej;Ytterslänt;33;Ja
2022;162;Heby;51;30;{73a4b009-0bd1-4873-9a43-90f759e70671};15;2022-06-16;eleonore.larsson@slu.se_gis_slu;1;2022-06-16;eleonore.larsson@slu.se_gis_slu;Blomsterlupin;1;Nej;Enstaka;Nej;Ytterslänt;33;Ja
2022;163;Heby;51;30;{85b4775a-1926-4281-8f52-be31cc1b75a0};31,91;2022-06-16;eleonore.larsson@slu.se_gis_slu;1;2022-06-16;eleonore.larsson@slu.se_gis_slu;Blomsterlupin;2;Nej;Gles <50%;Ja;Både inner och ytterslänt;33;Nej
2022;164;Heby;51;30;{200bff6d-b7a8-46ac-a734-bbd5e627f085};4,15;2022-06-16;eleonore.larsson@slu.se_gis_slu;1;2022-06-16;eleonore.larsson@slu.se_gis_slu;Blomsterlupin;1;Nej;Enstaka;Nej;Innerslänt;33;Nej
2022;165;Heby;51;30;{8e391306-75ab-4afa-899a-e8c04c6b8799};16,57;2022-06-16;eleonore.larsson@slu.se_gis_slu;1;2022-06-16;eleonore.larsson@slu.se_gis_slu;Blomsterlupin;1;Nej;Gles <50%;Nej;Innerslänt;33;Ja
2022;166;Heby;51;30;{fb360c23-1e1c-4d32-a10d-e7af7ee5a120};54,78;2022-06-16;eleonore.larsson@slu.se_gis_slu;1;2022-06-16;eleonore.larsson@slu.se_gis_slu;Blomsterlupin;2;Nej;Gles <50%;Ja;Både inner och ytterslänt;33;Ja
2022;167;Heby;51;30;{59bd5bd9-8b50-4d3a-8805-74fe9d54f572};14,52;2022-06-16;eleonore.larsson@slu.se_gis_slu;1;2022-06-16;eleonore.larsson@slu.se_gis_slu;Blomsterlupin;1;Nej;Gles <50%;Nej;Innerslänt;33;Ja
2022;168;Heby;51;30;{f852e3e1-0c89-4bb7-a8de-3524ab3c62d9};10,18;2022-06-16;eleonore.larsson@slu.se_gis_slu;1;2022-06-16;eleonore.larsson@slu.se_gis_slu;Blomsterlupin;1;Nej;Enstaka;Nej;Innerslänt;33;Nej
2022;169;Heby;51;30;{de86679c-7cf3-4782-9ff6-7d233167d9ff};25,98;2022-06-16;eleonore.larsson@slu.se_gis_slu;1;2022-06-16;eleonore.larsson@slu.se_gis_slu;Blomsterlupin;1;Ja;Gles <50%;Nej;Ytterslänt;33;Ja
2022;170;Heby;51;30;{964eca42-fed4-4036-9b61-48900ad1fd6a};27,2;2022-06-16;izabel.eriksson.reuterborg@slu.se_gis_slu;3;2022-06-16;izabel.eriksson.reuterborg@slu.se_gis_slu;Blomsterlupin;2;Ja;Gles <50%;Ja;Både inner och ytterslänt;32;Nej
2022;171;Heby;51;30;{e90da265-5118-4af5-bbb7-08231f9983f8};5,47;2022-06-16;eleonore.larsson@slu.se_gis_slu;1;2022-06-16;eleonore.larsson@slu.se_gis_slu;Blomsterlupin;2;Ja;Enstaka;Nej;Både inner och ytterslänt;34;Nej
2022;172;Heby;51;30;{baec05c6-1603-4d3f-98e3-9381a5a74ce2};9,32;2022-06-16;eleonore.larsson@slu.se_gis_slu;1;2022-06-16;eleonore.larsson@slu.se_gis_slu;Blomsterlupin;2;Ja;Enstaka;Nej;Både inner och ytterslänt;34;Ja
2022;173;Heby;51;30;{eb126150-a0c3-4899-810f-63b3129c8f66};13,3;2022-06-16;eleonore.larsson@slu.se_gis_slu;1;2022-06-16;eleonore.larsson@slu.se_gis_slu;Blomsterlupin;2;Ja;Enstaka;Nej;Både inner och ytterslänt;34;Nej
2022;174;Heby;51;30;{917c2604-ef9b-4217-9964-df0270dd61dd};7,34;2022-06-16;eleonore.larsson@slu.se_gis_slu;1;2022-06-16;eleonore.larsson@slu.se_gis_slu;Blomsterlupin;2;Ja;Gles <50%;Ja;Innerslänt;34;Ja
2022;175;Heby;51;30;{f44c29d3-a471-4b4e-9d04-aaf71916bcae};28,48;2022-06-17;izabel.eriksson.reuterborg@slu.se_gis_slu;3;2022-06-17;izabel.eriksson.reuterborg@slu.se_gis_slu;Blomsterlupin;3;Ja;Gles <50%;Nej;Både inner och ytterslänt;35;Ja
2022;176;Heby;51;30;{0da49836-bf0c-4e96-ba72-b2c146e22543};49,26;2022-06-17;izabel.eriksson.reuterborg@slu.se_gis_slu;3;2022-06-17;izabel.eriksson.reuterborg@slu.se_gis_slu;Blomsterlupin;3;Ja;Gles <50%;Nej;Både inner och ytterslänt;35;Nej
2022;177;Heby;51;30;{b90270b1-fd78-48e3-9377-bdd1c3e42055};85,51;2022-06-17;izabel.eriksson.reuterborg@slu.se_gis_slu;3;2022-06-17;izabel.eriksson.reuterborg@slu.se_gis_slu;Blomsterlupin;3;Ja;Tät 50-90%;Ja;Både inner och ytterslänt;35;Nej
2022;178;Heby;51;30;{20ff3ede-fb86-4849-a1fe-10d145f9b7ca};3,98;2022-06-17;izabel.eriksson.reuterborg@slu.se_gis_slu;3;2022-06-17;izabel.eriksson.reuterborg@slu.se_gis_slu;Blomsterlupin;1;Nej;Enstaka;Nej;Innerslänt;35;Ja
2022;179;Heby;51;30;{193230b7-d954-43e0-8028-c0e8c6d097e5};10,55;2022-06-17;izabel.eriksson.reuterborg@slu.se_gis_slu;3;2022-06-17;izabel.eriksson.reuterborg@slu.se_gis_slu;Blomsterlupin;1;Nej;Enstaka;Nej;Innerslänt;36;Ja
2022;180;Heby;51;30;{276bfe58-ee4c-426b-8b4d-2ff8879aa3aa};8,03;2022-06-17;izabel.eriksson.reuterborg@slu.se_gis_slu;3;2022-06-17;izabel.eriksson.reuterborg@slu.se_gis_slu;Blomsterlupin;1;Nej;Enstaka;Nej;Innerslänt;36;Ja
2022;181;Heby;51;30;{8a4c66d3-90e9-4e0f-a1bd-15f68a49580a};5,99;2022-06-17;izabel.eriksson.reuterborg@slu.se_gis_slu;3;2022-06-17;izabel.eriksson.reuterborg@slu.se_gis_slu;Blomsterlupin;1;Nej;Enstaka;Nej;Innerslänt;37;Ja
2022;182;Heby;51;30;{e2a728aa-bce9-44a5-8d92-b20bf13b78c7};2,84;2022-06-17;izabel.eriksson.reuterborg@slu.se_gis_slu;3;2022-06-17;izabel.eriksson.reuterborg@slu.se_gis_slu;Blomsterlupin;1;Nej;Enstaka;Nej;Innerslänt;37;Ja
2022;183;Heby;51;30;{dfb31925-ee14-4406-bb83-19f32c9f8534};3,06;2022-06-17;izabel.eriksson.reuterborg@slu.se_gis_slu;3;2022-06-17;izabel.eriksson.reuterborg@slu.se_gis_slu;Blomsterlupin;1;Ja;Enstaka;Nej;Ytterslänt;37;Ja
2022;184;Heby;51;30;{661cf80b-fc8e-4048-b399-16489d669a65};15,74;2022-06-17;izabel.eriksson.reuterborg@slu.se_gis_slu;3;2022-06-17;izabel.eriksson.reuterborg@slu.se_gis_slu;Blomsterlupin;3;Ja;Gles <50%;Nej;Innerslänt;37;Ja
2022;185;Heby;51;30;{a18b5a5a-00d3-4131-b741-073937a5b77a};15,63;2022-06-17;izabel.eriksson.reuterborg@slu.se_gis_slu;3;2022-06-17;izabel.eriksson.reuterborg@slu.se_gis_slu;Blomsterlupin;1;Nej;Enstaka;Nej;Innerslänt;38;Ja
2022;186;Heby;51;30;{14684262-670d-4f6a-9fa0-e5421c1b6934};3,43;2022-06-17;izabel.eriksson.reuterborg@slu.se_gis_slu;3;2022-06-17;izabel.eriksson.reuterborg@slu.se_gis_slu;Blomsterlupin;1;Nej;Enstaka;Nej;Innerslänt;40;Ja
2022;187;Heby;51;30;{5479306a-ee61-4dfa-a91e-982bb8352593};5,54;2022-06-17;izabel.eriksson.reuterborg@slu.se_gis_slu;3;2022-06-17;izabel.eriksson.reuterborg@slu.se_gis_slu;Blomsterlupin;1;Nej;Enstaka;Nej;Både inner och ytterslänt;40;Ja
2022;188;Heby;51;30;{702cce16-e792-4e6e-88fb-a9adf61b9b1f};54,53;2022-06-17;izabel.eriksson.reuterborg@slu.se_gis_slu;3;2022-06-17;izabel.eriksson.reuterborg@slu.se_gis_slu;Blomsterlupin;2;Nej;Gles <50%;Nej;Både inner och ytterslänt;40;Nej
2022;189;Heby;51;30;{bdaca365-96a6-4772-9ce7-d1b2be95d9e0};3,91;2022-06-17;izabel.eriksson.reuterborg@slu.se_gis_slu;3;2022-06-17;izabel.eriksson.reuterborg@slu.se_gis_slu;Blomsterlupin;1;Nej;Enstaka;Nej;Både inner och ytterslänt;40;Ja
2022;190;Heby;51;30;{69560236-5cb1-415c-9e6d-e0b9d9435b75};7,05;2022-06-17;izabel.eriksson.reuterborg@slu.se_gis_slu;3;2022-06-17;izabel.eriksson.reuterborg@slu.se_gis_slu;Blomsterlupin;1;Ja;Enstaka;Nej;Ytterslänt;41;Ja
2022;191;Heby;51;30;{20f9e23f-32cc-4716-a298-67cfe041ae78};142,73;2022-06-17;izabel.eriksson.reuterborg@slu.se_gis_slu;3;2022-06-17;izabel.eriksson.reuterborg@slu.se_gis_slu;Blomsterlupin;4;Ja;Tät 50-90%;Ja;Både inner och ytterslänt;41;Nej
2022;192;Heby;51;30;{a16c31b5-8d4c-48ab-bbf8-0bf12aeae95e};8,9;2022-06-17;izabel.eriksson.reuterborg@slu.se_gis_slu;3;2022-06-17;izabel.eriksson.reuterborg@slu.se_gis_slu;Blomsterlupin;2;Ja;Gles <50%;Nej;Både inner och ytterslänt;43;Nej
2022;193;Heby;51;30;{4394a265-9120-49cb-92d4-a4e753cc4bd9};89,16;2022-06-17;izabel.eriksson.reuterborg@slu.se_gis_slu;3;2022-06-17;izabel.eriksson.reuterborg@slu.se_gis_slu;Blomsterlupin;3;Ja;Gles <50%;Ja;Både inner och ytterslänt;44;Nej
2022;194;Heby;51;30;{dafc7398-4e4a-4192-a151-37d810cdf833};0,36;2022-06-17;izabel.eriksson.reuterborg@slu.se_gis_slu;3;2022-06-17;izabel.eriksson.reuterborg@slu.se_gis_slu;Blomsterlupin;1;Nej;Enstaka;Nej;Innerslänt;44;Ja
2022;195;Heby;51;30;{c2b024dd-1e85-4eba-8eef-5b090bb38e5b};0,61;2022-06-17;izabel.eriksson.reuterborg@slu.se_gis_slu;3;2022-06-17;izabel.eriksson.reuterborg@slu.se_gis_slu;Blomsterlupin;1;Nej;Enstaka;Nej;Innerslänt;44;Ja
2022;196;Heby;51;30;{6a976119-a4a2-4eb2-8f0b-7934a010f9f9};30,43;2022-06-17;izabel.eriksson.reuterborg@slu.se_gis_slu;3;2022-06-17;izabel.eriksson.reuterborg@slu.se_gis_slu;Blomsterlupin;2;Nej;Gles <50%;Nej;Innerslänt;44;Ja
2022;197;Heby;51;30;{be565cb0-086c-4a85-bb69-3099c3af46e7};8,78;2022-06-17;izabel.eriksson.reuterborg@slu.se_gis_slu;3;2022-06-17;izabel.eriksson.reuterborg@slu.se_gis_slu;Blomsterlupin;1;Ja;Gles <50%;Nej;Både inner och ytterslänt;46;Nej
2022;198;Heby;51;30;{6e452406-c3c7-4688-ba01-5e9744137d9b};1,29;2022-06-17;izabel.eriksson.reuterborg@slu.se_gis_slu;3;2022-06-17;izabel.eriksson.reuterborg@slu.se_gis_slu;Blomsterlupin;2;Nej;Enstaka;Nej;Både inner och ytterslänt;46;Ja
2022;199;Heby;51;30;{800cc36e-863a-4bc0-a9c5-76c26707ab93};34,32;2022-06-17;izabel.eriksson.reuterborg@slu.se_gis_slu;3;2022-06-17;izabel.eriksson.reuterborg@slu.se_gis_slu;Blomsterlupin;3;Ja;Tät 50-90%;Nej;Både inner och ytterslänt;47;Nej
2022;200;Heby;51;30;{efde365c-734e-4bfe-8573-38cedebbebc9};22,57;2022-06-17;izabel.eriksson.reuterborg@slu.se_gis_slu;3;2022-06-17;izabel.eriksson.reuterborg@slu.se_gis_slu;Blomsterlupin;2;Ja;Enstaka;Nej;Både inner och ytterslänt;47;Nej
2022;201;Heby;51;30;{3731ae5c-183d-41cc-bc6e-15ecc39e20ca};24,33;2022-06-17;izabel.eriksson.reuterborg@slu.se_gis_slu;3;2022-06-17;izabel.eriksson.reuterborg@slu.se_gis_slu;Blomsterlupin;2;Ja;Tät 50-90%;Ja;Både inner och ytterslänt;48;Nej
2022;261;Sveg;10;8;{62a692bc-be54-4ee8-8be8-70d2d98246b1};5,52;2022-07-20;eleonore.larsson@slu.se_gis_slu;1;2022-07-20;eleonore.larsson@slu.se_gis_slu;Blomsterlupin;1;Nej;Enstaka;Nej;Innerslänt;50;Ja
2022;262;Sveg;10;8;{70adc1b4-1beb-4b0b-8727-f4376b86ff70};176,41;2022-07-20;eleonore.larsson@slu.se_gis_slu;1;2022-07-20;eleonore.larsson@slu.se_gis_slu;Blomsterlupin;4;Ja;Tät 50-90%;Ja;Både inner och ytterslänt;50;Nej
2022;263;Sveg;10;8;{5e17a803-4037-42c6-9c48-a3e560fe774b};6,81;2022-07-21;eleonore.larsson@slu.se_gis_slu;1;2022-07-21;eleonore.larsson@slu.se_gis_slu;Blomsterlupin;1;Ja;Gles <50%;Nej;Ytterslänt;52;Nej
2022;264;Sveg;10;8;{a0850fd2-c827-4593-aa38-ad571e70c284};67,46;2022-07-21;eleonore.larsson@slu.se_gis_slu;1;2022-07-21;eleonore.larsson@slu.se_gis_slu;Blomsterlupin;3;Nej;Gles <50%;Nej;Innerslänt;53;Ja
2022;265;Sveg;10;8;{b67e600f-e930-4ee3-a0e7-08eda0be3b50};74,46;2022-07-21;eleonore.larsson@slu.se_gis_slu;1;2022-07-21;eleonore.larsson@slu.se_gis_slu;Blomsterlupin;5;Nej;Tät 50-90%;Ja;Både inner och ytterslänt;53;Nej
2022;266;Sveg;10;8;{cf778d9f-70db-46e7-aedc-235c29341565};0,97;2022-07-21;eleonore.larsson@slu.se_gis_slu;1;2022-07-21;eleonore.larsson@slu.se_gis_slu;Blomsterlupin;1;Nej;Enstaka;Nej;Innerslänt;54;Nej
2022;267;Sveg;10;8;{780e3f42-e1dc-44e0-89e1-999bfe819fcd};115,37;2022-07-21;eleonore.larsson@slu.se_gis_slu;1;2022-07-21;eleonore.larsson@slu.se_gis_slu;Blomsterlupin;2;Ja;Gles <50%;Ja;Både inner och ytterslänt;55;Nej
2022;268;Sveg;10;8;{edb8ae43-b37f-4c72-b46c-67192babea87};3,38;2022-07-21;eleonore.larsson@slu.se_gis_slu;1;2022-07-21;eleonore.larsson@slu.se_gis_slu;Blomsterlupin;1;Nej;Enstaka;Nej;Både inner och ytterslänt;55;Nej
2022;269;Sveg;10;8;{61d4dceb-b8a8-4a11-925a-a9615e179885};12,9;2022-07-21;eleonore.larsson@slu.se_gis_slu;1;2022-07-21;eleonore.larsson@slu.se_gis_slu;Blomsterlupin;2;Nej;Gles <50%;Nej;Både inner och ytterslänt;56;Nej
2022;270;Sveg;10;8;{cf46849a-d2dd-4259-aa50-d45c907c0abc};22,7;2022-07-21;eleonore.larsson@slu.se_gis_slu;1;2022-07-21;eleonore.larsson@slu.se_gis_slu;Blomsterlupin;2;Ja;Gles <50%;Nej;Innerslänt;57;Nej
2022;271;Sveg;10;8;{7af06d32-b564-491c-807c-ba98d1e237d9};7,29;2022-07-21;eleonore.larsson@slu.se_gis_slu;1;2022-07-21;eleonore.larsson@slu.se_gis_slu;Blomsterlupin;2;Ja;Tät 50-90%;Nej;Innerslänt;57;Nej
2022;272;Sveg;10;8;{08273787-d763-4932-93a8-5c2bd8794ad4};2;2022-07-21;eleonore.larsson@slu.se_gis_slu;1;2022-07-21;eleonore.larsson@slu.se_gis_slu;Blomsterlupin;1;Ja;Enstaka;Nej;Innerslänt;57;Ja
2022;273;Sveg;10;8;{f5f0ffce-148e-494c-8c0d-b31a8a9e211f};11,27;2022-07-21;eleonore.larsson@slu.se_gis_slu;1;2022-07-21;eleonore.larsson@slu.se_gis_slu;Blomsterlupin;3;Nej;Gles <50%;Ja;Innerslänt;57;Nej
2022;274;Sveg;10;8;{8e50d764-3ec5-4af5-b421-75a1ca7b692b};62,99;2022-07-21;eleonore.larsson@slu.se_gis_slu;1;2022-07-21;eleonore.larsson@slu.se_gis_slu;Blomsterlupin;4;Ja;Tät 50-90%;Nej;Både inner och ytterslänt;57;Nej
2022;275;Sveg;10;8;{8bb899b3-015a-4504-9cf4-faf007b86744};4,01;2022-07-21;eleonore.larsson@slu.se_gis_slu;1;2022-07-21;eleonore.larsson@slu.se_gis_slu;Blomsterlupin;1;Nej;Gles <50%;Nej;Innerslänt;57;Nej
2022;276;Sveg;10;8;{5e07b339-d746-4ebc-a33a-0f7c80bdeaf9};2,37;2022-07-21;eleonore.larsson@slu.se_gis_slu;1;2022-07-21;eleonore.larsson@slu.se_gis_slu;Blomsterlupin;1;Nej;Enstaka;Nej;Ytterslänt;58;Nej
2023;1;Enköping;40;23;{8567d54b-be35-4572-8faa-43b3ceaa1e77};1,200365688;2023-06-15;izabel.eriksson.reuterborg@slu.se_gis_slu;3;2023-06-15;izabel.eriksson.reuterborg@slu.se_gis_slu;Blomsterlupin;1;Nej;Enstaka;Nej;Innerslänt;2;Ja
2023;2;Enköping;40;23;{40444506-80ea-40f6-94bc-e1f7944788dd};94,28573555;2023-06-15;izabel.eriksson.reuterborg@slu.se_gis_slu;3;2023-06-15;izabel.eriksson.reuterborg@slu.se_gis_slu;Blomsterlupin;2;Ja;Tät 50-90%;Ja;Både inner och ytterslänt;2;Nej
2023;3;Enköping;40;23;{07c0d54d-cbc5-48db-949c-775c6271209c};95,90658359;2023-06-15;izabel.eriksson.reuterborg@slu.se_gis_slu;3;2023-06-15;izabel.eriksson.reuterborg@slu.se_gis_slu;Blomsterlupin;3;Ja;Tät 50-90%;Ja;Både inner och ytterslänt;2;Nej
2023;4;Enköping;40;23;{36232e2b-1c78-4c0a-a002-ca6f6350fde7};2,366814828;2023-06-15;izabel.eriksson.reuterborg@slu.se_gis_slu;3;2023-06-15;izabel.eriksson.reuterborg@slu.se_gis_slu;Blomsterlupin;1;Nej;Enstaka;Nej;Innerslänt;2;Nej
2023;5;Enköping;40;23;{7cd25cc5-e647-4394-9cea-f101f3e60363};27,74776645;2023-06-15;izabel.eriksson.reuterborg@slu.se_gis_slu;3;2023-06-15;izabel.eriksson.reuterborg@slu.se_gis_slu;Blomsterlupin;3;Ja;Tät 50-90%;Nej;Både inner och ytterslänt;2;Nej
2023;6;Enköping;40;23;{5e4d2f6d-768c-4e5f-980a-18a497477d60};43,2047405;2023-06-15;izabel.eriksson.reuterborg@slu.se_gis_slu;3;2023-06-15;izabel.eriksson.reuterborg@slu.se_gis_slu;Blomsterlupin;2;Nej;Gles <50%;Nej;Både inner och ytterslänt;4;Nej
2023;7;Enköping;40;23;{e0b733eb-a2a9-4769-b90c-648e21d33e31};3,075998702;2023-06-15;izabel.eriksson.reuterborg@slu.se_gis_slu;3;2023-06-15;izabel.eriksson.reuterborg@slu.se_gis_slu;Blomsterlupin;1;Ja;Enstaka;Nej;Ytterslänt;1;Ja
2023;8;Enköping;40;23;{11f297aa-048b-4869-b703-6757e2189507};19,36783187;2023-06-15;izabel.eriksson.reuterborg@slu.se_gis_slu;3;2023-06-15;izabel.eriksson.reuterborg@slu.se_gis_slu;Blomsterlupin;1;Nej;Gles <50%;Ja;Innerslänt;1;Nej
2023;9;Enköping;40;23;{0956cc8f-a064-4a6e-a35c-c7ee0666943e};7,509620238;2023-06-15;izabel.eriksson.reuterborg@slu.se_gis_slu;3;2023-06-15;izabel.eriksson.reuterborg@slu.se_gis_slu;Blomsterlupin;1;Nej;Enstaka;Nej;Innerslänt;1;Nej
2023;10;Enköping;40;23;{0c32fba2-33ae-40f7-b715-233e6ba68d42};12,94094328;2023-06-15;izabel.eriksson.reuterborg@slu.se_gis_slu;3;2023-06-15;izabel.eriksson.reuterborg@slu.se_gis_slu;Blomsterlupin;1;Nej;Gles <50%;Nej;Innerslänt;1;Ja
2023;11;Enköping;40;23;{4b2bb0a9-696c-4ee6-8bbc-f4430db5bb1e};1,241341536;2023-06-15;izabel.eriksson.reuterborg@slu.se_gis_slu;3;2023-06-15;izabel.eriksson.reuterborg@slu.se_gis_slu;Blomsterlupin;1;Nej;Enstaka;Nej;Innerslänt;1;Nej
2023;12;Enköping;40;23;{59b2be21-1485-47cf-a99e-c95c96a09327};71,23566431;2023-06-15;izabel.eriksson.reuterborg@slu.se_gis_slu;3;2023-06-15;izabel.eriksson.reuterborg@slu.se_gis_slu;Blomsterlupin;3;Ja;Tät 50-90%;Ja;Både inner och ytterslänt;1;Nej
2023;13;Enköping;40;23;{27fd7538-4af9-48ed-abf8-870b0af51d7a};142,411246;2023-06-15;izabel.eriksson.reuterborg@slu.se_gis_slu;3;2023-06-15;izabel.eriksson.reuterborg@slu.se_gis_slu;Blomsterlupin;2;Nej;Gles <50%;Ja;Både inner och ytterslänt;1;Nej
2023;14;Enköping;40;23;{719ef29f-d24d-484c-99b7-9d83dad1f6ed};2,202481561;2023-06-15;izabel.eriksson.reuterborg@slu.se_gis_slu;3;2023-06-15;izabel.eriksson.reuterborg@slu.se_gis_slu;Blomsterlupin;2;Nej;Gles <50%;Nej;Både inner och ytterslänt;5;Nej
2023;15;Enköping;40;23;{914a9dcb-c37a-4e48-9273-5974e91062c8};47,05561791;2023-06-16;izabel.eriksson.reuterborg@slu.se_gis_slu;3;2023-06-16;izabel.eriksson.reuterborg@slu.se_gis_slu;Blomsterlupin;3;Nej;Gles <50%;Ja;Både inner och ytterslänt;8;Nej
2023;16;Enköping;40;23;{ce120ed7-f9f1-480e-9b79-8a8ff01d9672};1,166690586;2023-06-16;izabel.eriksson.reuterborg@slu.se_gis_slu;3;2023-06-16;izabel.eriksson.reuterborg@slu.se_gis_slu;Blomsterlupin;1;Nej;Gles <50%;Nej;Innerslänt;8;Ja
2023;17;Enköping;40;23;{78d761e1-0623-4405-90d4-68db50bee98c};10,53760249;2023-06-16;izabel.eriksson.reuterborg@slu.se_gis_slu;3;2023-06-16;izabel.eriksson.reuterborg@slu.se_gis_slu;Blomsterlupin;1;Nej;Gles <50%;Nej;Innerslänt;8;Nej
2023;18;Enköping;40;23;{98914342-5a43-49c9-b32e-74edb77f889d};84,27735749;2023-06-16;izabel.eriksson.reuterborg@slu.se_gis_slu;3;2023-06-16;izabel.eriksson.reuterborg@slu.se_gis_slu;Blomsterlupin;3;Ja;Gles <50%;Ja;Både inner och ytterslänt;8;Nej
2023;19;Enköping;40;23;{18b87390-f06c-4da8-a84b-3319f48010cd};12,96408721;2023-06-16;izabel.eriksson.reuterborg@slu.se_gis_slu;3;2023-06-16;izabel.eriksson.reuterborg@slu.se_gis_slu;Blomsterlupin;2;Ja;Gles <50%;Nej;Både inner och ytterslänt;8;Nej
2023;20;Enköping;40;23;{8fe9b429-d38e-45b1-880a-0249f1e83e63};156,3452407;2023-06-16;izabel.eriksson.reuterborg@slu.se_gis_slu;3;2023-06-16;izabel.eriksson.reuterborg@slu.se_gis_slu;Blomsterlupin;4;Ja;Gles <50%;Ja;Både inner och ytterslänt;8;Nej
2023;21;Enköping;40;23;{bd084bca-c6c4-4dd3-a140-d2957d2cce3f};1,55546249;2023-06-16;izabel.eriksson.reuterborg@slu.se_gis_slu;3;2023-06-16;izabel.eriksson.reuterborg@slu.se_gis_slu;Blomsterlupin;1;Nej;Enstaka;Nej;Innerslänt;10;Nej
2023;22;Enköping;40;23;{e276714f-77b5-489b-86a8-6f7b424dd2d3};10,52672452;2023-06-16;izabel.eriksson.reuterborg@slu.se_gis_slu;3;2023-06-16;izabel.eriksson.reuterborg@slu.se_gis_slu;Blomsterlupin;2;Nej;Gles <50%;Nej;Innerslänt;14;Nej
2023;23;Enköping;40;23;{667f2fae-88cc-445d-a92c-a0b0bed877b4};98,83868393;2023-06-16;izabel.eriksson.reuterborg@slu.se_gis_slu;3;2023-06-16;izabel.eriksson.reuterborg@slu.se_gis_slu;Blomsterlupin;2;Nej;Gles <50%;Ja;Både inner och ytterslänt;14;Nej
2023;24;Enköping;40;23;{c8af5e6e-f946-4488-83d6-7a4de4f20955};16,43270373;2023-06-16;izabel.eriksson.reuterborg@slu.se_gis_slu;3;2023-06-16;izabel.eriksson.reuterborg@slu.se_gis_slu;Blomsterlupin;1;Nej;Gles <50%;Nej;Innerslänt;14;Nej
2023;25;Enköping;40;23;{23f90904-880a-4ecd-bbef-b9007123c022};29,19564309;2023-06-16;izabel.eriksson.reuterborg@slu.se_gis_slu;3;2023-06-16;izabel.eriksson.reuterborg@slu.se_gis_slu;Blomsterlupin;2;Nej;Gles <50%;Nej;Både inner och ytterslänt;14;Nej
2023;26;Enköping;40;23;{79d80eb4-981c-4845-946a-6ea98a45e93b};52,72125482;2023-06-16;izabel.eriksson.reuterborg@slu.se_gis_slu;3;2023-06-16;izabel.eriksson.reuterborg@slu.se_gis_slu;Blomsterlupin;2;Nej;Gles <50%;Nej;Både inner och ytterslänt;14;Nej
2023;27;Enköping;40;23;{e0198801-51cb-4583-bc4e-24aa457ffd91};3,377197492;2023-06-16;izabel.eriksson.reuterborg@slu.se_gis_slu;3;2023-06-16;izabel.eriksson.reuterborg@slu.se_gis_slu;Blomsterlupin;1;Nej;Enstaka;Nej;Innerslänt;14;Nej
2023;28;Enköping;40;23;{1f3e1b7e-e1e1-4fd8-b0cc-df3784e93a7d};40,5416102;2023-06-16;izabel.eriksson.reuterborg@slu.se_gis_slu;3;2023-06-16;izabel.eriksson.reuterborg@slu.se_gis_slu;Blomsterlupin;2;Nej;Tät 50-90%;Ja;Både inner och ytterslänt;14;Nej
2023;29;Enköping;40;23;{1ef4cda9-fe9b-4090-8acc-1f5ecf819c40};17,72387032;2023-06-16;izabel.eriksson.reuterborg@slu.se_gis_slu;3;2023-06-16;izabel.eriksson.reuterborg@slu.se_gis_slu;Blomsterlupin;1;Ja;Gles <50%;Nej;Både inner och ytterslänt;16;Nej
2023;30;Enköping;40;23;{bc8ecd67-ab55-4e09-8b8d-ced378230585};2,393338529;2023-06-16;izabel.eriksson.reuterborg@slu.se_gis_slu;3;2023-06-16;izabel.eriksson.reuterborg@slu.se_gis_slu;Blomsterlupin;1;Nej;Enstaka;Nej;Innerslänt;16;Nej
2023;31;Enköping;40;23;{e2c3015b-9c42-46e8-87fb-859b85455ef9};31,85205075;2023-06-16;izabel.eriksson.reuterborg@slu.se_gis_slu;3;2023-06-16;izabel.eriksson.reuterborg@slu.se_gis_slu;Blomsterlupin;2;Ja;Gles <50%;Nej;Både inner och ytterslänt;16;Nej
2023;32;Enköping;40;23;{53d1aeb6-77d6-4d75-8ce4-9c2bef019888};5,276417729;2023-06-16;izabel.eriksson.reuterborg@slu.se_gis_slu;3;2023-06-16;izabel.eriksson.reuterborg@slu.se_gis_slu;Blomsterlupin;1;Ja;Gles <50%;Nej;Både inner och ytterslänt;16;Nej
2023;33;Enköping;40;23;{006f4c27-ef27-49cf-b311-c17ef537d29a};1,579419313;2023-06-16;izabel.eriksson.reuterborg@slu.se_gis_slu;3;2023-06-16;izabel.eriksson.reuterborg@slu.se_gis_slu;Blomsterlupin;1;Nej;Enstaka;Nej;Innerslänt;16;Ja
2023;35;Enköping;40;23;{2602474b-fccf-4928-a493-fb0cd541ed96};1,448672568;2023-06-16;izabel.eriksson.reuterborg@slu.se_gis_slu;3;2023-06-16;izabel.eriksson.reuterborg@slu.se_gis_slu;Blomsterlupin;1;Nej;Enstaka;Nej;Ytterslänt;17;Ja
2023;36;Enköping;40;23;{91580da8-16d7-42c8-bbb6-16f862c4426a};43,18374897;2023-06-16;izabel.eriksson.reuterborg@slu.se_gis_slu;3;2023-06-16;izabel.eriksson.reuterborg@slu.se_gis_slu;Blomsterlupin;1;Nej;Gles <50%;Nej;Både inner och ytterslänt;17;Nej
2023;37;Enköping;40;23;{4c6443a3-39f3-441f-b389-17d9ab0876e7};1,601232107;2023-06-16;izabel.eriksson.reuterborg@slu.se_gis_slu;3;2023-06-16;izabel.eriksson.reuterborg@slu.se_gis_slu;Blomsterlupin;1;Nej;Enstaka;Nej;Innerslänt;17;Nej
2023;38;Enköping;40;23;{8841b1c7-c1d8-4d30-bca0-23b534fbdf9e};2,390239085;2023-06-16;izabel.eriksson.reuterborg@slu.se_gis_slu;3;2023-06-16;izabel.eriksson.reuterborg@slu.se_gis_slu;Blomsterlupin;1;Nej;Enstaka;Nej;Innerslänt;17;Ja
2023;39;Enköping;40;23;{97e24236-1600-4202-ad2d-e715fc9d4229};4,969108193;2023-06-16;izabel.eriksson.reuterborg@slu.se_gis_slu;3;2023-06-16;izabel.eriksson.reuterborg@slu.se_gis_slu;Blomsterlupin;1;Nej;Enstaka;Nej;Innerslänt;17;Nej
2023;40;Enköping;40;23;{32b8e65b-c909-4f2c-b192-b5e4281f2e94};0,31632409;2023-06-16;izabel.eriksson.reuterborg@slu.se_gis_slu;3;2023-06-16;izabel.eriksson.reuterborg@slu.se_gis_slu;Blomsterlupin;1;Nej;Enstaka;Nej;Innerslänt;17;Ja
2023;41;Enköping;40;23;{282a3327-7bc4-4fc6-8efe-3eecaf7bce95};4,73248653;2023-06-16;izabel.eriksson.reuterborg@slu.se_gis_slu;3;2023-06-16;izabel.eriksson.reuterborg@slu.se_gis_slu;Blomsterlupin;1;Nej;Gles <50%;Nej;Innerslänt;17;Nej
2023;42;Enköping;40;23;{396c9e65-232d-45ef-98de-e72df4765d89};51,64595444;2023-06-16;izabel.eriksson.reuterborg@slu.se_gis_slu;3;2023-06-16;izabel.eriksson.reuterborg@slu.se_gis_slu;Blomsterlupin;1;Nej;Gles <50%;Ja;Både inner och ytterslänt;17;Nej
2023;43;Enköping;40;23;{399579aa-5cd8-4bf4-bda5-b755e6db18cc};0,792132723;2023-06-16;izabel.eriksson.reuterborg@slu.se_gis_slu;3;2023-06-16;izabel.eriksson.reuterborg@slu.se_gis_slu;Blomsterlupin;1;Nej;Gles <50%;Nej;Innerslänt;17;Ja
2023;44;Enköping;40;23;{ca986e45-3c85-421f-a68f-ae7069732d20};44,05659897;2023-06-16;izabel.eriksson.reuterborg@slu.se_gis_slu;3;2023-06-16;izabel.eriksson.reuterborg@slu.se_gis_slu;Blomsterlupin;1;Nej;Gles <50%;Ja;Både inner och ytterslänt;17;Ja
2023;45;Enköping;40;23;{9e5a1808-026c-46df-a6d0-04a443457c79};127,1569885;2023-06-16;izabel.eriksson.reuterborg@slu.se_gis_slu;3;2023-06-16;izabel.eriksson.reuterborg@slu.se_gis_slu;Blomsterlupin;2;Ja;Gles <50%;Ja;Både inner och ytterslänt;17;Nej
2023;46;Enköping;40;23;{a4caca81-f1bb-424f-8113-53cf3b86236d};65,77423803;2023-06-16;izabel.eriksson.reuterborg@slu.se_gis_slu;3;2023-06-16;izabel.eriksson.reuterborg@slu.se_gis_slu;Blomsterlupin;2;Ja;Gles <50%;Ja;Både inner och ytterslänt;17;Nej
2023;47;Enköping;40;23;{b19c30cb-2913-4111-91dc-43af512db185};1,351330602;2023-06-16;izabel.eriksson.reuterborg@slu.se_gis_slu;3;2023-06-16;izabel.eriksson.reuterborg@slu.se_gis_slu;Blomsterlupin;1;Nej;Enstaka;Nej;Ytterslänt;17;Nej
2023;48;Enköping;40;23;{fd4a66d7-cbca-4215-b3db-ae218438728b};53,15178285;2023-06-16;izabel.eriksson.reuterborg@slu.se_gis_slu;3;2023-06-16;izabel.eriksson.reuterborg@slu.se_gis_slu;Blomsterlupin;1;Ja;Gles <50%;Ja;Både inner och ytterslänt;17;Nej
2023;49;Enköping;40;23;{b4ef52a9-e09f-4224-b105-a6366701177c};182,1356286;2023-06-16;izabel.eriksson.reuterborg@slu.se_gis_slu;3;2023-06-16;izabel.eriksson.reuterborg@slu.se_gis_slu;Blomsterlupin;1;Nej;Gles <50%;Ja;Både inner och ytterslänt;17;Nej
2023;50;Enköping;40;23;{8664cc77-02c5-4398-b693-88494de296c1};44,27244943;2023-06-16;izabel.eriksson.reuterborg@slu.se_gis_slu;3;2023-06-16;izabel.eriksson.reuterborg@slu.se_gis_slu;Blomsterlupin;2;Ja;Tät 50-90%;Ja;Både inner och ytterslänt;20;Nej
2023;51;Enköping;40;23;{1ba4babb-6779-4ce5-9366-0a781fefa8e9};104,055037;2023-06-16;izabel.eriksson.reuterborg@slu.se_gis_slu;3;2023-06-16;izabel.eriksson.reuterborg@slu.se_gis_slu;Blomsterlupin;2;Ja;Gles <50%;Ja;Både inner och ytterslänt;20;Nej
2023;52;Enköping;40;23;{d0b00d0c-3485-405e-af0d-67adbc8dc568};106,915375;2023-06-16;izabel.eriksson.reuterborg@slu.se_gis_slu;3;2023-06-16;izabel.eriksson.reuterborg@slu.se_gis_slu;Blomsterlupin;3;Ja;Gles <50%;Ja;Både inner och ytterslänt;20;Nej
2023;53;Enköping;40;23;{271c7408-8ac2-4385-b868-701b8fbc651d};12,99507415;2023-06-16;izabel.eriksson.reuterborg@slu.se_gis_slu;3;2023-06-16;izabel.eriksson.reuterborg@slu.se_gis_slu;Blomsterlupin;1;Nej;Enstaka;Nej;Innerslänt;20;Nej
2023;54;Enköping;40;23;{511acc47-dc9c-450a-b754-d96d8de5de91};18,62447096;2023-06-16;izabel.eriksson.reuterborg@slu.se_gis_slu;3;2023-06-16;izabel.eriksson.reuterborg@slu.se_gis_slu;Blomsterlupin;2;Ja;Gles <50%;Ja;Både inner och ytterslänt;20;Nej
2023;55;Enköping;40;23;{e2f8688b-9a50-44c1-b6fd-8e0b0f00b1dd};118,6015113;2023-06-16;izabel.eriksson.reuterborg@slu.se_gis_slu;3;2023-06-16;izabel.eriksson.reuterborg@slu.se_gis_slu;Blomsterlupin;3;Ja;Gles <50%;Ja;Både inner och ytterslänt;20;Nej
2023;56;Enköping;40;23;{1b20566a-5381-446b-b641-671000e77992};31,97196309;2023-06-16;izabel.eriksson.reuterborg@slu.se_gis_slu;3;2023-06-16;izabel.eriksson.reuterborg@slu.se_gis_slu;Blomsterlupin;3;Ja;Gles <50%;Ja;Både inner och ytterslänt;20;Nej
2023;57;Enköping;40;23;{51a59a4a-c007-4f50-994c-4acf4d23ec96};18,32160673;2023-06-16;izabel.eriksson.reuterborg@slu.se_gis_slu;3;2023-06-16;izabel.eriksson.reuterborg@slu.se_gis_slu;Blomsterlupin;1;Nej;Enstaka;Nej;Innerslänt;20;Nej
2023;58;Enköping;40;23;{bb9105fc-4875-4ebe-a541-03aa3538b430};10,36862503;2023-06-16;izabel.eriksson.reuterborg@slu.se_gis_slu;3;2023-06-16;izabel.eriksson.reuterborg@slu.se_gis_slu;Blomsterlupin;1;Nej;Gles <50%;Nej;Innerslänt;22;Nej
2023;59;Enköping;40;23;{74c1a907-47d7-40d0-a7ba-5598e5aa46a1};85,84990839;2023-06-16;izabel.eriksson.reuterborg@slu.se_gis_slu;3;2023-06-16;izabel.eriksson.reuterborg@slu.se_gis_slu;Blomsterlupin;2;Ja;Gles <50%;Ja;Både inner och ytterslänt;22;Nej
2023;60;Enköping;40;23;{9aa007af-d2e1-4bd0-96dd-2ea3d42172e2};131,6213068;2023-06-16;izabel.eriksson.reuterborg@slu.se_gis_slu;3;2023-06-16;izabel.eriksson.reuterborg@slu.se_gis_slu;Blomsterlupin;3;Ja;Tät 50-90%;Nej;Både inner och ytterslänt;22;Nej
2023;61;Enköping;40;23;{bdbd7596-c0ab-4877-8985-4496eda86162};43,3248982;2023-06-16;izabel.eriksson.reuterborg@slu.se_gis_slu;3;2023-06-16;izabel.eriksson.reuterborg@slu.se_gis_slu;Blomsterlupin;3;Ja;Gles <50%;Ja;Både inner och ytterslänt;22;Nej
2023;62;Enköping;40;23;{fb279a0e-95d1-4966-abba-c88e40e7ec66};16,20906792;2023-06-16;izabel.eriksson.reuterborg@slu.se_gis_slu;3;2023-06-16;izabel.eriksson.reuterborg@slu.se_gis_slu;Blomsterlupin;1;Nej;Gles <50%;Nej;Innerslänt;22;Nej
2023;63;Enköping;40;23;{ab49be12-0962-474c-9666-f1408908b262};15,55592648;2023-06-16;izabel.eriksson.reuterborg@slu.se_gis_slu;3;2023-06-16;izabel.eriksson.reuterborg@slu.se_gis_slu;Blomsterlupin;2;Nej;Gles <50%;Ja;Både inner och ytterslänt;22;Nej
2023;64;Enköping;40;23;{3faccc92-8d8a-420e-89a4-2485d0abf923};10,19757077;2023-06-16;izabel.eriksson.reuterborg@slu.se_gis_slu;3;2023-06-16;izabel.eriksson.reuterborg@slu.se_gis_slu;Blomsterlupin;1;Ja;Gles <50%;Nej;Innerslänt;22;Nej
2023;65;Enköping;40;23;{b3c946b6-f1f3-4fac-928a-5bd311f0c1d3};14,87906389;2023-06-26;izabel.eriksson.reuterborg@slu.se_gis_slu;3;2023-06-26;izabel.eriksson.reuterborg@slu.se_gis_slu;Blomsterlupin;1;Nej;Gles <50%;Nej;Innerslänt;24;Nej
2023;66;Enköping;40;23;{8fbe1cb0-2b69-478a-a131-022e2d1ce196};71,86072799;2023-06-26;izabel.eriksson.reuterborg@slu.se_gis_slu;3;2023-06-26;izabel.eriksson.reuterborg@slu.se_gis_slu;Blomsterlupin;2;Ja;Gles <50%;Nej;Både inner och ytterslänt;24;Nej
2023;67;Enköping;40;23;{58b1c34f-709d-47f7-979c-d22306b6889e};79,58252748;2023-06-26;izabel.eriksson.reuterborg@slu.se_gis_slu;3;2023-06-26;izabel.eriksson.reuterborg@slu.se_gis_slu;Blomsterlupin;2;Nej;Gles <50%;Nej;Både inner och ytterslänt;25;Nej
2023;68;Enköping;40;23;{41361e19-a150-437d-9ca7-4b8f1ab0bb6b};30,02049349;2023-06-26;izabel.eriksson.reuterborg@slu.se_gis_slu;3;2023-06-26;izabel.eriksson.reuterborg@slu.se_gis_slu;Blomsterlupin;1;Nej;Gles <50%;Nej;Innerslänt;25;Nej
2023;69;Enköping;40;23;{23cf6699-b7b0-453e-98ec-01747b282a03};73,85663028;2023-06-26;izabel.eriksson.reuterborg@slu.se_gis_slu;3;2023-06-26;izabel.eriksson.reuterborg@slu.se_gis_slu;Blomsterlupin;1;Nej;Gles <50%;Ja;Både inner och ytterslänt;25;Nej
2023;70;Enköping;40;23;{31126521-eece-4948-864a-ad57f052271b};256,6364712;2023-06-26;izabel.eriksson.reuterborg@slu.se_gis_slu;3;2023-06-26;izabel.eriksson.reuterborg@slu.se_gis_slu;Blomsterlupin;1;Ja;Tät 50-90%;Ja;Både inner och ytterslänt;25;Nej
2023;71;Enköping;40;23;{2139ee3e-3dc0-49f9-9a46-55d2eba99390};28,66255349;2023-06-26;izabel.eriksson.reuterborg@slu.se_gis_slu;3;2023-06-26;izabel.eriksson.reuterborg@slu.se_gis_slu;Blomsterlupin;2;Ja;Gles <50%;Nej;Både inner och ytterslänt;25;Nej
2023;72;Enköping;40;23;{fb6d3f9c-cc8e-4904-a85c-a970cafc1a10};55,76025166;2023-06-26;izabel.eriksson.reuterborg@slu.se_gis_slu;3;2023-06-26;izabel.eriksson.reuterborg@slu.se_gis_slu;Blomsterlupin;2;Nej;Gles <50%;Ja;Både inner och ytterslänt;30;Nej
2023;73;Enköping;40;23;{9aa8acbd-a865-4534-9c07-72851be430c1};75,6749148;2023-06-26;izabel.eriksson.reuterborg@slu.se_gis_slu;3;2023-06-26;izabel.eriksson.reuterborg@slu.se_gis_slu;Blomsterlupin;2;Nej;Gles <50%;Ja;Både inner och ytterslänt;30;Nej
2023;74;Enköping;40;23;{9a23d2af-e9cd-449f-9563-73710485232c};61,63424939;2023-06-26;izabel.eriksson.reuterborg@slu.se_gis_slu;3;2023-06-26;izabel.eriksson.reuterborg@slu.se_gis_slu;Blomsterlupin;3;Nej;Gles <50%;Ja;Både inner och ytterslänt;30;Nej
2023;75;Enköping;40;23;{330631d0-18bd-4ad8-8005-b5287e33fc1a};49,60115964;2023-06-26;izabel.eriksson.reuterborg@slu.se_gis_slu;3;2023-06-26;izabel.eriksson.reuterborg@slu.se_gis_slu;Blomsterlupin;4;Nej;Gles <50%;Ja;Både inner och ytterslänt;30;Nej
2023;76;Enköping;40;23;{a247ed07-f226-4837-96d5-9a2fa27ba027};1,509439904;2023-06-26;izabel.eriksson.reuterborg@slu.se_gis_slu;3;2023-06-26;izabel.eriksson.reuterborg@slu.se_gis_slu;Blomsterlupin;1;Nej;Enstaka;Nej;Innerslänt;30;Ja
2023;77;Enköping;40;23;{79cb4793-ed67-4954-9136-7a64a5d49523};2,377828081;2023-06-26;izabel.eriksson.reuterborg@slu.se_gis_slu;3;2023-06-26;izabel.eriksson.reuterborg@slu.se_gis_slu;Blomsterlupin;1;Nej;Enstaka;Nej;Innerslänt;30;Nej
2023;78;Enköping;40;23;{f4ef4a17-aa22-495b-ae80-8e06ee8e8520};74,87906791;2023-06-26;izabel.eriksson.reuterborg@slu.se_gis_slu;3;2023-06-26;izabel.eriksson.reuterborg@slu.se_gis_slu;Blomsterlupin;1;Nej;Gles <50%;Ja;Både inner och ytterslänt;30;Nej
2023;79;Enköping;40;23;{4fae1df1-65bc-473a-be2c-7706a382c1bd};4,306077594;2023-06-26;izabel.eriksson.reuterborg@slu.se_gis_slu;3;2023-06-26;izabel.eriksson.reuterborg@slu.se_gis_slu;Blomsterlupin;1;Nej;Enstaka;Nej;Innerslänt;30;Nej
2023;80;Enköping;40;23;{fc794b6e-661e-49a0-a855-53cff086ee47};19,06011496;2023-06-26;izabel.eriksson.reuterborg@slu.se_gis_slu;3;2023-06-26;izabel.eriksson.reuterborg@slu.se_gis_slu;Blomsterlupin;2;Nej;Gles <50%;Nej;Både inner och ytterslänt;30;Nej
2023;81;Enköping;40;23;{12a19453-d045-4b00-b433-fb9b9b8a5301};44,24632786;2023-06-26;izabel.eriksson.reuterborg@slu.se_gis_slu;3;2023-06-26;izabel.eriksson.reuterborg@slu.se_gis_slu;Blomsterlupin;2;Nej;Gles <50%;Ja;Både inner och ytterslänt;30;Nej
2023;82;Enköping;40;23;{86b03c61-1744-4139-92ed-5aaebffe9753};19,53984928;2023-06-26;izabel.eriksson.reuterborg@slu.se_gis_slu;3;2023-06-26;izabel.eriksson.reuterborg@slu.se_gis_slu;Blomsterlupin;1;Nej;Enstaka;Nej;Innerslänt;30;Nej
2023;83;Enköping;40;23;{1c015531-ed1b-48d4-af41-a15afdb769fc};20,25104727;2023-06-26;izabel.eriksson.reuterborg@slu.se_gis_slu;3;2023-06-26;izabel.eriksson.reuterborg@slu.se_gis_slu;Blomsterlupin;2;Nej;Gles <50%;Nej;Både inner och ytterslänt;30;Nej
2023;84;Enköping;40;23;{c1302921-b5b7-4468-baed-586a5c1b8bcc};9,580990373;2023-06-26;izabel.eriksson.reuterborg@slu.se_gis_slu;3;2023-06-26;izabel.eriksson.reuterborg@slu.se_gis_slu;Blomsterlupin;1;Nej;Enstaka;Nej;Innerslänt;30;Nej
2023;85;Enköping;40;23;{f6e370c6-fd85-4360-bc93-816113992ac6};51,87886391;2023-06-26;izabel.eriksson.reuterborg@slu.se_gis_slu;3;2023-06-26;izabel.eriksson.reuterborg@slu.se_gis_slu;Blomsterlupin;2;Nej;Gles <50%;Ja;Innerslänt;31;Nej
2023;86;Enköping;40;23;{404ee2c8-50a1-4cc8-9f9f-99a07bab2bdd};37,4577383;2023-06-26;izabel.eriksson.reuterborg@slu.se_gis_slu;3;2023-06-26;izabel.eriksson.reuterborg@slu.se_gis_slu;Blomsterlupin;2;Ja;Tät 50-90%;Ja;Både inner och ytterslänt;37;Nej
2023;87;Enköping;40;23;{3ac0d5d5-e2df-49c8-a497-416b9a1ddb64};8,767552559;2023-06-26;izabel.eriksson.reuterborg@slu.se_gis_slu;3;2023-06-26;izabel.eriksson.reuterborg@slu.se_gis_slu;Blomsterlupin;2;Nej;Gles <50%;Ja;Både inner och ytterslänt;39;Ja
2023;88;Enköping;40;23;{29d5b3bd-461e-421d-a79e-7fed0c36517b};124,7140455;2023-06-26;izabel.eriksson.reuterborg@slu.se_gis_slu;3;2023-06-26;izabel.eriksson.reuterborg@slu.se_gis_slu;Blomsterlupin;3;Ja;Tät 50-90%;Ja;Både inner och ytterslänt;39;Nej
2023;89;Enköping;40;23;{020b86f8-a7ac-4b23-a508-d3003a154e5a};111,5106071;2023-06-26;izabel.eriksson.reuterborg@slu.se_gis_slu;3;2023-06-26;izabel.eriksson.reuterborg@slu.se_gis_slu;Blomsterlupin;2;Nej;Gles <50%;Ja;Både inner och ytterslänt;39;Nej
2023;90;Enköping;40;23;{cdcaa29b-e838-4d2d-bb88-c37a41ff5910};64,42210828;2023-06-26;izabel.eriksson.reuterborg@slu.se_gis_slu;3;2023-06-26;izabel.eriksson.reuterborg@slu.se_gis_slu;Blomsterlupin;1;Nej;Gles <50%;Ja;Innerslänt;39;Nej
2023;91;Enköping;40;23;{32a67842-c740-4f7e-88dd-d6bf98412a3a};2,075653751;2023-06-26;izabel.eriksson.reuterborg@slu.se_gis_slu;3;2023-06-26;izabel.eriksson.reuterborg@slu.se_gis_slu;Blomsterlupin;1;Nej;Enstaka;Nej;Innerslänt;39;Nej
2023;92;Enköping;40;23;{91816e81-66ef-4c91-9cc5-8c06ed4b9cb6};48,0024173;2023-06-26;izabel.eriksson.reuterborg@slu.se_gis_slu;3;2023-06-26;izabel.eriksson.reuterborg@slu.se_gis_slu;Blomsterlupin;1;Nej;Gles <50%;Ja;Innerslänt;39;Nej
2023;93;Enköping;40;23;{f22a6f2b-c730-4b57-9637-30a285c28fe1};1,277592815;2023-06-26;izabel.eriksson.reuterborg@slu.se_gis_slu;3;2023-06-26;izabel.eriksson.reuterborg@slu.se_gis_slu;Blomsterlupin;1;Nej;Enstaka;Nej;Innerslänt;39;Nej
2023;94;Enköping;40;23;{479c5048-92ce-4eda-b622-fa4933da7607};125,6679382;2023-06-26;izabel.eriksson.reuterborg@slu.se_gis_slu;3;2023-06-26;izabel.eriksson.reuterborg@slu.se_gis_slu;Blomsterlupin;3;Ja;Tät 50-90%;Ja;Både inner och ytterslänt;39;Nej
2023;95;Enköping;40;23;{2d2b8cdd-8d13-4372-96b3-b4a2517e5c56};103,2298298;2023-06-26;izabel.eriksson.reuterborg@slu.se_gis_slu;3;2023-06-26;izabel.eriksson.reuterborg@slu.se_gis_slu;Blomsterlupin;2;Nej;Gles <50%;Nej;Både inner och ytterslänt;51;Nej
2023;96;Enköping;40;23;{a4aeac99-5082-4cec-9add-93b77d091dd9};9,247290284;2023-06-26;izabel.eriksson.reuterborg@slu.se_gis_slu;3;2023-06-26;izabel.eriksson.reuterborg@slu.se_gis_slu;Blomsterlupin;1;Nej;Enstaka;Nej;Innerslänt;51;Nej
2023;97;Enköping;40;23;{6a4360ad-d3ba-46d0-94c8-5e8cf464d105};170,8194249;2023-06-26;izabel.eriksson.reuterborg@slu.se_gis_slu;3;2023-06-26;izabel.eriksson.reuterborg@slu.se_gis_slu;Blomsterlupin;2;Nej;Gles <50%;Ja;Både inner och ytterslänt;51;Nej
2023;98;Enköping;40;23;{109c3460-70ce-4256-ac2e-e33b99bcaa2f};6,58011719;2023-06-26;izabel.eriksson.reuterborg@slu.se_gis_slu;3;2023-06-26;izabel.eriksson.reuterborg@slu.se_gis_slu;Blomsterlupin;1;Nej;Enstaka;Nej;Innerslänt;51;Ja
2023;99;Enköping;40;23;{41778ddc-3378-4374-92e1-023c64c75c83};3,50167382;2023-06-26;izabel.eriksson.reuterborg@slu.se_gis_slu;3;2023-06-26;izabel.eriksson.reuterborg@slu.se_gis_slu;Blomsterlupin;1;Nej;Enstaka;Nej;Innerslänt;51;Ja
2023;100;Enköping;40;23;{b83f5430-eda1-412a-84f1-a340be6a4876};76,09478999;2023-06-26;izabel.eriksson.reuterborg@slu.se_gis_slu;3;2023-06-26;izabel.eriksson.reuterborg@slu.se_gis_slu;Blomsterlupin;2;Nej;Gles <50%;Ja;Både inner och ytterslänt;51;Nej
2023;101;Enköping;40;23;{a0c5cdef-ae92-4561-a2c3-f2b4fb0b7b27};182,7021108;2023-06-26;izabel.eriksson.reuterborg@slu.se_gis_slu;3;2023-06-26;izabel.eriksson.reuterborg@slu.se_gis_slu;Blomsterlupin;2;Ja;Tät 50-90%;Ja;Både inner och ytterslänt;51;Nej
2023;102;Enköping;40;23;{d97e38e6-7d9c-4e59-8df5-5f5d516131c2};65,12744018;2023-06-26;izabel.eriksson.reuterborg@slu.se_gis_slu;3;2023-06-26;izabel.eriksson.reuterborg@slu.se_gis_slu;Blomsterlupin;2;Nej;Gles <50%;Ja;Både inner och ytterslänt;51;Nej
2023;103;Enköping;40;23;{82c13132-70ab-4dc7-92c6-0b173a63c2ef};47,81620363;2023-06-26;izabel.eriksson.reuterborg@slu.se_gis_slu;3;2023-06-26;izabel.eriksson.reuterborg@slu.se_gis_slu;Blomsterlupin;2;Nej;Gles <50%;Ja;Både inner och ytterslänt;51;Nej
2023;104;Enköping;40;23;{91629fd3-69eb-4f1d-b3e4-a4c9ef7d6fd0};161,6228243;2023-06-26;izabel.eriksson.reuterborg@slu.se_gis_slu;3;2023-06-26;izabel.eriksson.reuterborg@slu.se_gis_slu;Blomsterlupin;3;Ja;Tät 50-90%;Ja;Både inner och ytterslänt;51;Nej
2023;105;Enköping;40;23;{040d00ff-644a-4c29-9839-9fa69593a64f};28,23563769;2023-06-26;izabel.eriksson.reuterborg@slu.se_gis_slu;3;2023-06-26;izabel.eriksson.reuterborg@slu.se_gis_slu;Blomsterlupin;1;Nej;Enstaka;Nej;Innerslänt;51;Nej
2023;106;Enköping;40;23;{d76cc420-3bec-44c0-993f-4fb5a41c25f2};135,7482194;2023-06-27;izabel.eriksson.reuterborg@slu.se_gis_slu;3;2023-06-27;izabel.eriksson.reuterborg@slu.se_gis_slu;Blomsterlupin;3;Ja;Tät 50-90%;Ja;Både inner och ytterslänt;43;Nej
2023;107;Enköping;40;23;{63c57680-40d4-4c56-814f-47c0a8636675};1,259251877;2023-06-27;izabel.eriksson.reuterborg@slu.se_gis_slu;3;2023-06-27;izabel.eriksson.reuterborg@slu.se_gis_slu;Blomsterlupin;1;Nej;Enstaka;Nej;Innerslänt;43;Ja
2023;108;Enköping;40;23;{c73c6618-e69d-4edd-af93-acd9c25131b9};7,828191284;2023-06-27;izabel.eriksson.reuterborg@slu.se_gis_slu;3;2023-06-27;izabel.eriksson.reuterborg@slu.se_gis_slu;Blomsterlupin;1;Nej;Gles <50%;Nej;Innerslänt;43;Ja
2023;109;Enköping;40;23;{51ea4a26-53ca-48f6-a529-bddcdc741f85};4,628203007;2023-06-27;izabel.eriksson.reuterborg@slu.se_gis_slu;3;2023-06-27;izabel.eriksson.reuterborg@slu.se_gis_slu;Blomsterlupin;1;Nej;Enstaka;Nej;Innerslänt;43;Nej
2023;110;Enköping;40;23;{c61b7721-a7ac-446e-9556-d2bfc6ee3a45};239,839823;2023-06-27;izabel.eriksson.reuterborg@slu.se_gis_slu;3;2023-06-27;izabel.eriksson.reuterborg@slu.se_gis_slu;Blomsterlupin;3;Ja;Tät 50-90%;Ja;Både inner och ytterslänt;43;Nej
2023;111;Enköping;40;23;{3862dd06-e640-4b26-bea2-801e3ec6ab9a};176,2433842;2023-06-27;izabel.eriksson.reuterborg@slu.se_gis_slu;3;2023-06-27;izabel.eriksson.reuterborg@slu.se_gis_slu;Blomsterlupin;3;Nej;Gles <50%;Ja;Både inner och ytterslänt;43;Nej
2023;112;Enköping;40;23;{945f2d33-f10a-4ee2-ab0b-d49aefc1346c};33,42083609;2023-06-27;izabel.eriksson.reuterborg@slu.se_gis_slu;3;2023-06-27;izabel.eriksson.reuterborg@slu.se_gis_slu;Blomsterlupin;2;Nej;Gles <50%;Nej;Både inner och ytterslänt;43;Nej
2023;113;Enköping;40;23;{705cc85a-5bf6-4ecd-9bcc-9d0e46cc2e0c};25,54105177;2023-06-27;izabel.eriksson.reuterborg@slu.se_gis_slu;3;2023-06-27;izabel.eriksson.reuterborg@slu.se_gis_slu;Blomsterlupin;1;Nej;Gles <50%;Nej;Innerslänt;44;Nej
2023;114;Enköping;40;23;{39206480-0e51-40f6-8d03-668dd213f017};1,022132133;2023-06-27;izabel.eriksson.reuterborg@slu.se_gis_slu;3;2023-06-27;izabel.eriksson.reuterborg@slu.se_gis_slu;Blomsterlupin;1;Nej;Enstaka;Nej;Innerslänt;44;Ja
2023;115;Enköping;40;23;{d3539cae-3764-41c4-8256-69b0f72baefb};5,272020723;2023-06-27;izabel.eriksson.reuterborg@slu.se_gis_slu;3;2023-06-27;izabel.eriksson.reuterborg@slu.se_gis_slu;Blomsterlupin;1;Nej;Gles <50%;Nej;Både inner och ytterslänt;44;Nej
2023;116;Enköping;40;23;{b909b37f-b811-49a6-99e9-d2d9c161ff18};5,06137297;2023-06-27;izabel.eriksson.reuterborg@slu.se_gis_slu;3;2023-06-27;izabel.eriksson.reuterborg@slu.se_gis_slu;Blomsterlupin;1;Nej;Gles <50%;Nej;Både inner och ytterslänt;44;Nej
2023;117;Enköping;40;23;{9e9b4bc2-2b05-4fd2-aae4-06b8baaeb1d5};22,5837385;2023-06-27;izabel.eriksson.reuterborg@slu.se_gis_slu;3;2023-06-27;izabel.eriksson.reuterborg@slu.se_gis_slu;Blomsterlupin;1;Nej;Gles <50%;Nej;Både inner och ytterslänt;44;Nej
2023;118;Enköping;40;23;{dd11535c-0334-4126-b3ca-382cd5ca5831};1,214338503;2023-06-27;izabel.eriksson.reuterborg@slu.se_gis_slu;3;2023-06-27;izabel.eriksson.reuterborg@slu.se_gis_slu;Blomsterlupin;1;Nej;Enstaka;Nej;Innerslänt;44;Nej
2023;119;Enköping;40;23;{417399a0-3cbf-42d0-a3a8-63c85189511b};16,12686297;2023-06-27;izabel.eriksson.reuterborg@slu.se_gis_slu;3;2023-06-27;izabel.eriksson.reuterborg@slu.se_gis_slu;Blomsterlupin;2;Ja;Gles <50%;Nej;Innerslänt;44;Nej
2023;120;Enköping;40;23;{efed911a-bdd7-48a3-9a80-9526169fe2fd};10,06210246;2023-06-27;izabel.eriksson.reuterborg@slu.se_gis_slu;3;2023-06-27;izabel.eriksson.reuterborg@slu.se_gis_slu;Blomsterlupin;1;Nej;Gles <50%;Nej;Innerslänt;44;Nej
2023;121;Enköping;40;23;{2178617a-8134-4837-ace7-a0b50bd6a4c8};44,82273915;2023-06-27;izabel.eriksson.reuterborg@slu.se_gis_slu;3;2023-06-27;izabel.eriksson.reuterborg@slu.se_gis_slu;Blomsterlupin;1;Ja;Gles <50%;Nej;Både inner och ytterslänt;45;Nej
2023;122;Enköping;40;23;{c8177599-17c3-4234-9dc5-684c2e3b61d6};23,16606485;2023-06-27;izabel.eriksson.reuterborg@slu.se_gis_slu;3;2023-06-27;izabel.eriksson.reuterborg@slu.se_gis_slu;Blomsterlupin;1;Nej;Gles <50%;Nej;Både inner och ytterslänt;45;Ja
2023;123;Enköping;40;23;{438002a1-0744-47b0-89ad-a3f4141e8d0e};32,21877428;2023-06-27;izabel.eriksson.reuterborg@slu.se_gis_slu;3;2023-06-27;izabel.eriksson.reuterborg@slu.se_gis_slu;Blomsterlupin;3;Nej;Gles <50%;Nej;Både inner och ytterslänt;45;Nej
2023;124;Enköping;40;23;{005068dc-1a3e-49e3-8a62-d01e6da9f8aa};20,11384999;2023-06-27;izabel.eriksson.reuterborg@slu.se_gis_slu;3;2023-06-27;izabel.eriksson.reuterborg@slu.se_gis_slu;Blomsterlupin;1;Ja;Gles <50%;Nej;Både inner och ytterslänt;45;Nej
2023;125;Enköping;40;23;{4aeeb44f-d4f5-4e6d-acfb-22b060c7a328};152,4084151;2023-06-27;izabel.eriksson.reuterborg@slu.se_gis_slu;3;2023-06-27;izabel.eriksson.reuterborg@slu.se_gis_slu;Blomsterlupin;3;Ja;Tät 50-90%;Ja;Både inner och ytterslänt;47;Nej
2023;126;Enköping;40;23;{9eedfda7-15c7-4820-b8cc-25cdab1fb118};4,146563496;2023-06-27;izabel.eriksson.reuterborg@slu.se_gis_slu;3;2023-06-27;izabel.eriksson.reuterborg@slu.se_gis_slu;Blomsterlupin;1;Nej;Enstaka;Nej;Innerslänt;47;Ja
2023;127;Enköping;40;23;{8f6489a7-7572-4251-8fca-093b45f4e706};32,56764243;2023-06-27;izabel.eriksson.reuterborg@slu.se_gis_slu;3;2023-06-27;izabel.eriksson.reuterborg@slu.se_gis_slu;Blomsterlupin;1;Nej;Gles <50%;Nej;Innerslänt;47;Nej
2023;128;Enköping;40;23;{fc26a7ff-743b-4286-ac35-b495a3dcb1da};26,13169214;2023-06-27;izabel.eriksson.reuterborg@slu.se_gis_slu;3;2023-06-27;izabel.eriksson.reuterborg@slu.se_gis_slu;Blomsterlupin;1;Nej;Gles <50%;Ja;Innerslänt;47;Ja
2023;129;Enköping;40;23;{3dc627c2-04b2-43ce-8857-35dabdcd13f5};56,10773562;2023-06-27;izabel.eriksson.reuterborg@slu.se_gis_slu;3;2023-06-27;izabel.eriksson.reuterborg@slu.se_gis_slu;Blomsterlupin;3;Nej;Gles <50%;Ja;Både inner och ytterslänt;47;Nej
2023;130;Enköping;40;23;{9fe36bba-72e7-4ef3-afc6-c487ca69451f};66,30552348;2023-06-27;izabel.eriksson.reuterborg@slu.se_gis_slu;3;2023-06-27;izabel.eriksson.reuterborg@slu.se_gis_slu;Blomsterlupin;3;Nej;Gles <50%;Ja;Både inner och ytterslänt;47;Nej
2023;131;Enköping;40;23;{1c374b57-cb53-4ee4-a63a-a6756bf72158};8,816797951;2023-06-27;izabel.eriksson.reuterborg@slu.se_gis_slu;3;2023-06-27;izabel.eriksson.reuterborg@slu.se_gis_slu;Blomsterlupin;2;Nej;Gles <50%;Nej;Innerslänt;47;Ja
2023;132;Enköping;40;23;{072c8255-473e-4028-aa0b-931fb2386c1c};5,507388054;2023-06-27;izabel.eriksson.reuterborg@slu.se_gis_slu;3;2023-06-27;izabel.eriksson.reuterborg@slu.se_gis_slu;Blomsterlupin;1;Nej;Enstaka;Nej;Innerslänt;47;Nej
2023;133;Enköping;40;23;{b04b3e0b-986d-4ed4-a932-d7c0cf604cfa};5,380954063;2023-06-27;izabel.eriksson.reuterborg@slu.se_gis_slu;3;2023-06-27;izabel.eriksson.reuterborg@slu.se_gis_slu;Blomsterlupin;1;Nej;Enstaka;Nej;Innerslänt;47;Ja
2023;134;Enköping;40;23;{659daf12-884f-417e-a3c8-693049879abb};2,843165513;2023-06-27;izabel.eriksson.reuterborg@slu.se_gis_slu;3;2023-06-27;izabel.eriksson.reuterborg@slu.se_gis_slu;Blomsterlupin;1;Nej;Enstaka;Nej;Innerslänt;47;Nej
2023;135;Enköping;40;23;{50873329-545e-4f57-bf7b-f504eee0d4a5};187,8583979;2023-06-27;izabel.eriksson.reuterborg@slu.se_gis_slu;3;2023-06-27;izabel.eriksson.reuterborg@slu.se_gis_slu;Blomsterlupin;3;Ja;Tät 50-90%;Ja;Både inner och ytterslänt;47;Nej
2023;136;Enköping;40;23;{4808fb67-35de-461a-ba26-3f4329e666e1};23,95407679;2023-06-27;izabel.eriksson.reuterborg@slu.se_gis_slu;3;2023-06-27;izabel.eriksson.reuterborg@slu.se_gis_slu;Blomsterlupin;1;Nej;Gles <50%;Nej;Innerslänt;50;Nej
2023;137;Enköping;40;23;{6c21b60e-9d6f-4e68-9637-4691a93cca9a};4,773999263;2023-06-27;izabel.eriksson.reuterborg@slu.se_gis_slu;3;2023-06-27;izabel.eriksson.reuterborg@slu.se_gis_slu;Blomsterlupin;1;Nej;Enstaka;Nej;Innerslänt;50;Ja
2023;138;Enköping;40;23;{73f5a00a-684a-4839-8bfa-c81b86552fbc};82,49213143;2023-06-27;izabel.eriksson.reuterborg@slu.se_gis_slu;3;2023-06-27;izabel.eriksson.reuterborg@slu.se_gis_slu;Blomsterlupin;3;Ja;Tät 50-90%;Ja;Både inner och ytterslänt;50;Nej
2023;139;Enköping;40;23;{50dba5cc-1c9d-4e64-a062-e021789b4463};1,52021036;2023-06-27;izabel.eriksson.reuterborg@slu.se_gis_slu;3;2023-06-27;izabel.eriksson.reuterborg@slu.se_gis_slu;Blomsterlupin;1;Nej;Enstaka;Nej;Innerslänt;50;Nej
2023;140;Enköping;40;23;{a5de647e-b7ad-4105-8d20-e829b8b184d2};1,479892061;2023-06-27;izabel.eriksson.reuterborg@slu.se_gis_slu;3;2023-06-27;izabel.eriksson.reuterborg@slu.se_gis_slu;Blomsterlupin;1;Nej;Enstaka;Nej;Innerslänt;50;Ja
2023;141;Enköping;40;23;{b1988891-b126-46c9-96a5-2c84e9245651};112,0080835;2023-06-27;izabel.eriksson.reuterborg@slu.se_gis_slu;3;2023-06-27;izabel.eriksson.reuterborg@slu.se_gis_slu;Blomsterlupin;2;Nej;Gles <50%;Ja;Både inner och ytterslänt;50;Nej
2023;142;Enköping;40;23;{d417a643-87f2-4fa9-a9da-a4c504ca395f};174,109858;2023-06-27;izabel.eriksson.reuterborg@slu.se_gis_slu;3;2023-06-27;izabel.eriksson.reuterborg@slu.se_gis_slu;Blomsterlupin;3;Ja;Tät 50-90%;Ja;Både inner och ytterslänt;50;Nej
2023;143;Enköping;40;23;{8fc8781a-a694-46c2-9772-fc64920e6286};1,334220627;2023-06-27;izabel.eriksson.reuterborg@slu.se_gis_slu;3;2023-06-27;izabel.eriksson.reuterborg@slu.se_gis_slu;Blomsterlupin;1;Nej;Enstaka;Nej;Innerslänt;50;Ja
2023;144;Enköping;40;23;{5c613380-719d-46e4-9a18-c13d257a005f};132,451926;2023-06-27;izabel.eriksson.reuterborg@slu.se_gis_slu;3;2023-06-27;izabel.eriksson.reuterborg@slu.se_gis_slu;Blomsterlupin;2;Ja;Gles <50%;Ja;Både inner och ytterslänt;50;Nej
2023;145;Enköping;40;23;{31d85e51-4494-4012-ba36-fe0f64ad0fa6};14,69400441;2023-06-27;izabel.eriksson.reuterborg@slu.se_gis_slu;3;2023-06-27;izabel.eriksson.reuterborg@slu.se_gis_slu;Blomsterlupin;1;Nej;Enstaka;Nej;Innerslänt;50;Nej
2023;146;Enköping;40;23;{628e4ca1-2f87-43a9-bb68-9b6c4ed350f3};30,08661021;2023-06-27;izabel.eriksson.reuterborg@slu.se_gis_slu;3;2023-06-27;izabel.eriksson.reuterborg@slu.se_gis_slu;Blomsterlupin;1;Nej;Gles <50%;Ja;Innerslänt;50;Nej
2023;147;Enköping;40;23;{661e3c49-6ed1-4e51-a1dc-893322dd56dc};60,21238076;2023-06-27;izabel.eriksson.reuterborg@slu.se_gis_slu;3;2023-06-27;izabel.eriksson.reuterborg@slu.se_gis_slu;Blomsterlupin;1;Nej;Gles <50%;Ja;Innerslänt;50;Nej
2023;148;Enköping;40;23;{ef8c5f9a-03d0-4e18-b9d4-51f2a2a5cd8e};3,56200703;2023-06-27;izabel.eriksson.reuterborg@slu.se_gis_slu;3;2023-06-27;izabel.eriksson.reuterborg@slu.se_gis_slu;Blomsterlupin;1;Nej;Enstaka;Nej;Innerslänt;50;Ja
